tenkan,kijun,tenkan_5,kijun_5,sharpe,return,max_dd,trades,mean_sharpe,std_sharpe,variance_pct
10,21,8,14,2.007833216560135,26.926423492892717,-5.126050079959644,512,1.9798548576677786,0.17177346721947698,8.676063629321899
10,21,8,15,2.0586775629570746,27.61571272024783,-5.126050079959644,515,1.9798548576677786,0.17177346721947698,8.676063629321899
10,21,8,16,2.077043599771332,27.929071434814468,-5.126050079959644,515,1.9798548576677786,0.17177346721947698,8.676063629321899
10,21,8,17,2.077043599771332,27.929071434814468,-5.126050079959644,515,1.9798548576677786,0.17177346721947698,8.676063629321899
10,21,8,18,2.077043599771332,27.929071434814468,-5.126050079959644,515,1.9798548576677786,0.17177346721947698,8.676063629321899
10,21,9,14,2.0079081672081074,26.927263691524537,-5.126050079959644,512,1.9798548576677786,0.17177346721947698,8.676063629321899
10,21,9,15,2.0586775629570746,27.61571272024783,-5.126050079959644,515,1.9798548576677786,0.17177346721947698,8.676063629321899
10,21,9,16,2.0586690846961213,27.615603242982978,-5.126050079959644,515,1.9798548576677786,0.17177346721947698,8.676063629321899
10,21,9,17,2.077043599771332,27.929071434814468,-5.126050079959644,515,1.9798548576677786,0.17177346721947698,8.676063629321899
10,21,9,18,2.077043599771332,27.929071434814468,-5.126050079959644,515,1.9798548576677786,0.17177346721947698,8.676063629321899
10,21,10,14,2.0079081672081074,26.927263691524537,-5.126050079959644,512,1.9798548576677786,0.17177346721947698,8.676063629321899
10,21,10,15,2.0586775629570746,27.61571272024783,-5.126050079959644,515,1.9798548576677786,0.17177346721947698,8.676063629321899
10,21,10,16,2.0586690846961213,27.615603242982978,-5.126050079959644,515,1.9798548576677786,0.17177346721947698,8.676063629321899
10,21,10,17,2.0586690846961213,27.615603242982978,-5.126050079959644,515,1.9798548576677786,0.17177346721947698,8.676063629321899
10,21,10,18,2.0586690846961213,27.615603242982978,-5.126050079959644,515,1.9798548576677786,0.17177346721947698,8.676063629321899
10,21,11,14,1.9811835180138233,26.70984597150541,-5.086890203529093,518,1.9798548576677786,0.17177346721947698,8.676063629321899
10,21,11,15,2.0702758499007627,27.919358257834716,-5.086890203529093,518,1.9798548576677786,0.17177346721947698,8.676063629321899
10,21,11,16,2.0702674279862032,27.91924878056986,-5.086890203529093,518,1.9798548576677786,0.17177346721947698,8.676063629321899
10,21,11,17,2.0702674279862032,27.91924878056986,-5.086890203529093,518,1.9798548576677786,0.17177346721947698,8.676063629321899
10,21,11,18,2.0702674279862032,27.91924878056986,-5.086890203529093,518,1.9798548576677786,0.17177346721947698,8.676063629321899
10,21,12,14,2.0702758499007627,27.919358257834716,-5.086890203529093,518,1.9798548576677786,0.17177346721947698,8.676063629321899
10,21,12,15,2.0702758499007627,27.919358257834716,-5.086890203529093,518,1.9798548576677786,0.17177346721947698,8.676063629321899
10,21,12,16,2.0702674279862032,27.91924878056986,-5.086890203529093,518,1.9798548576677786,0.17177346721947698,8.676063629321899
10,21,12,17,2.0702674279862032,27.91924878056986,-5.086890203529093,518,1.9798548576677786,0.17177346721947698,8.676063629321899
10,21,12,18,2.0702674279862032,27.91924878056986,-5.086890203529093,518,1.9798548576677786,0.17177346721947698,8.676063629321899
10,22,8,14,2.007833216560135,26.926423492892717,-5.126050079959644,512,1.9798548576677786,0.17177346721947698,8.676063629321899
10,22,8,15,2.0586775629570746,27.61571272024783,-5.126050079959644,515,1.9798548576677786,0.17177346721947698,8.676063629321899
10,22,8,16,2.077043599771332,27.929071434814468,-5.126050079959644,515,1.9798548576677786,0.17177346721947698,8.676063629321899
10,22,8,17,2.077043599771332,27.929071434814468,-5.126050079959644,515,1.9798548576677786,0.17177346721947698,8.676063629321899
10,22,8,18,2.077043599771332,27.929071434814468,-5.126050079959644,515,1.9798548576677786,0.17177346721947698,8.676063629321899
10,22,9,14,2.0079081672081074,26.927263691524537,-5.126050079959644,512,1.9798548576677786,0.17177346721947698,8.676063629321899
10,22,9,15,2.0586775629570746,27.61571272024783,-5.126050079959644,515,1.9798548576677786,0.17177346721947698,8.676063629321899
10,22,9,16,2.0586690846961213,27.615603242982978,-5.126050079959644,515,1.9798548576677786,0.17177346721947698,8.676063629321899
10,22,9,17,2.077043599771332,27.929071434814468,-5.126050079959644,515,1.9798548576677786,0.17177346721947698,8.676063629321899
10,22,9,18,2.077043599771332,27.929071434814468,-5.126050079959644,515,1.9798548576677786,0.17177346721947698,8.676063629321899
10,22,10,14,2.0079081672081074,26.927263691524537,-5.126050079959644,512,1.9798548576677786,0.17177346721947698,8.676063629321899
10,22,10,15,2.0586775629570746,27.61571272024783,-5.126050079959644,515,1.9798548576677786,0.17177346721947698,8.676063629321899
10,22,10,16,2.0586690846961213,27.615603242982978,-5.126050079959644,515,1.9798548576677786,0.17177346721947698,8.676063629321899
10,22,10,17,2.0586690846961213,27.615603242982978,-5.126050079959644,515,1.9798548576677786,0.17177346721947698,8.676063629321899
10,22,10,18,2.0586690846961213,27.615603242982978,-5.126050079959644,515,1.9798548576677786,0.17177346721947698,8.676063629321899
10,22,11,14,1.9811835180138233,26.70984597150541,-5.086890203529093,518,1.9798548576677786,0.17177346721947698,8.676063629321899
10,22,11,15,2.0702758499007627,27.919358257834716,-5.086890203529093,518,1.9798548576677786,0.17177346721947698,8.676063629321899
10,22,11,16,2.0702674279862032,27.91924878056986,-5.086890203529093,518,1.9798548576677786,0.17177346721947698,8.676063629321899
10,22,11,17,2.0702674279862032,27.91924878056986,-5.086890203529093,518,1.9798548576677786,0.17177346721947698,8.676063629321899
10,22,11,18,2.0702674279862032,27.91924878056986,-5.086890203529093,518,1.9798548576677786,0.17177346721947698,8.676063629321899
10,22,12,14,2.0702758499007627,27.919358257834716,-5.086890203529093,518,1.9798548576677786,0.17177346721947698,8.676063629321899
10,22,12,15,2.0702758499007627,27.919358257834716,-5.086890203529093,518,1.9798548576677786,0.17177346721947698,8.676063629321899
10,22,12,16,2.0702674279862032,27.91924878056986,-5.086890203529093,518,1.9798548576677786,0.17177346721947698,8.676063629321899
10,22,12,17,2.0702674279862032,27.91924878056986,-5.086890203529093,518,1.9798548576677786,0.17177346721947698,8.676063629321899
10,22,12,18,2.0702674279862032,27.91924878056986,-5.086890203529093,518,1.9798548576677786,0.17177346721947698,8.676063629321899
10,23,8,14,2.146907326083431,28.961244733587566,-5.126050079959644,512,1.9798548576677786,0.17177346721947698,8.676063629321899
10,23,8,15,2.197593847546255,29.65053396094264,-5.126050079959644,515,1.9798548576677786,0.17177346721947698,8.676063629321899
10,23,8,16,2.215619175583609,29.963892675509296,-5.126050079959644,515,1.9798548576677786,0.17177346721947698,8.676063629321899
10,23,8,17,2.077043599771332,27.929071434814468,-5.126050079959644,515,1.9798548576677786,0.17177346721947698,8.676063629321899
10,23,8,18,2.077043599771332,27.929071434814468,-5.126050079959644,515,1.9798548576677786,0.17177346721947698,8.676063629321899
10,23,9,14,2.146982992563415,28.962084932219344,-5.126050079959644,512,1.9798548576677786,0.17177346721947698,8.676063629321899
10,23,9,15,2.197593847546255,29.65053396094264,-5.126050079959644,515,1.9798548576677786,0.17177346721947698,8.676063629321899
10,23,9,16,2.1975854053553703,29.650424483677806,-5.126050079959644,515,1.9798548576677786,0.17177346721947698,8.676063629321899
10,23,9,17,2.077043599771332,27.929071434814468,-5.126050079959644,515,1.9798548576677786,0.17177346721947698,8.676063629321899
10,23,9,18,2.077043599771332,27.929071434814468,-5.126050079959644,515,1.9798548576677786,0.17177346721947698,8.676063629321899
10,23,10,14,2.146982992563415,28.962084932219344,-5.126050079959644,512,1.9798548576677786,0.17177346721947698,8.676063629321899
10,23,10,15,2.197593847546255,29.65053396094264,-5.126050079959644,515,1.9798548576677786,0.17177346721947698,8.676063629321899
10,23,10,16,2.1975854053553703,29.650424483677806,-5.126050079959644,515,1.9798548576677786,0.17177346721947698,8.676063629321899
10,23,10,17,2.0586690846961213,27.615603242982978,-5.126050079959644,515,1.9798548576677786,0.17177346721947698,8.676063629321899
10,23,10,18,2.0586690846961213,27.615603242982978,-5.126050079959644,515,1.9798548576677786,0.17177346721947698,8.676063629321899
10,23,11,14,2.1195798224663114,28.744667212200213,-5.086890203529093,518,1.9798548576677786,0.17177346721947698,8.676063629321899
10,23,11,15,2.2082583125728834,29.954179498529566,-5.086890203529093,518,1.9798548576677786,0.17177346721947698,8.676063629321899
10,23,11,16,2.2082499278759076,29.954070021264712,-5.086890203529093,518,1.9798548576677786,0.17177346721947698,8.676063629321899
10,23,11,17,2.0702674279862032,27.91924878056986,-5.086890203529093,518,1.9798548576677786,0.17177346721947698,8.676063629321899
10,23,11,18,2.0702674279862032,27.91924878056986,-5.086890203529093,518,1.9798548576677786,0.17177346721947698,8.676063629321899
10,23,12,14,2.2082583125728834,29.954179498529566,-5.086890203529093,518,1.9798548576677786,0.17177346721947698,8.676063629321899
10,23,12,15,2.2082583125728834,29.954179498529566,-5.086890203529093,518,1.9798548576677786,0.17177346721947698,8.676063629321899
10,23,12,16,2.2082499278759076,29.954070021264712,-5.086890203529093,518,1.9798548576677786,0.17177346721947698,8.676063629321899
10,23,12,17,2.0702674279862032,27.91924878056986,-5.086890203529093,518,1.9798548576677786,0.17177346721947698,8.676063629321899
10,23,12,18,2.0702674279862032,27.91924878056986,-5.086890203529093,518,1.9798548576677786,0.17177346721947698,8.676063629321899
10,24,8,14,2.0176399766610964,27.22150634336138,-6.244256018846972,515,1.9798548576677786,0.17177346721947698,8.676063629321899
10,24,8,15,2.0683533443582904,27.910795570716473,-6.244256018846972,518,1.9798548576677786,0.17177346721947698,8.676063629321899
10,24,8,16,2.086626293640529,28.22415428528311,-6.244256018846972,518,1.9798548576677786,0.17177346721947698,8.676063629321899
10,24,8,17,1.9475539532674735,26.18933304458828,-6.244256018846972,518,1.9798548576677786,0.17177346721947698,8.676063629321899
10,24,8,18,1.9475539532674735,26.18933304458828,-6.244256018846972,518,1.9798548576677786,0.17177346721947698,8.676063629321899
10,24,9,14,2.0177148502627498,27.222346541993183,-6.244256018846972,515,1.9798548576677786,0.17177346721947698,8.676063629321899
10,24,9,15,2.0683533443582904,27.910795570716473,-6.244256018846972,518,1.9798548576677786,0.17177346721947698,8.676063629321899
10,24,9,16,2.0683449369249898,27.91068609345162,-6.244256018846972,518,1.9798548576677786,0.17177346721947698,8.676063629321899
10,24,9,17,1.9475539532674735,26.18933304458828,-6.244256018846972,518,1.9798548576677786,0.17177346721947698,8.676063629321899
10,24,9,18,1.9475539532674735,26.18933304458828,-6.244256018846972,518,1.9798548576677786,0.17177346721947698,8.676063629321899
10,24,10,14,2.0177148502627498,27.222346541993183,-6.244256018846972,515,1.9798548576677786,0.17177346721947698,8.676063629321899
10,24,10,15,2.0683533443582904,27.910795570716473,-6.244256018846972,518,1.9798548576677786,0.17177346721947698,8.676063629321899
10,24,10,16,2.0683449369249898,27.91068609345162,-6.244256018846972,518,1.9798548576677786,0.17177346721947698,8.676063629321899
10,24,10,17,1.9289253889273283,25.87586485275679,-6.244256018846972,518,1.9798548576677786,0.17177346721947698,8.676063629321899
10,24,10,18,1.9289253889273283,25.87586485275679,-6.244256018846972,518,1.9798548576677786,0.17177346721947698,8.676063629321899
10,24,11,14,1.991252849897508,27.00492882197405,-6.196553735356858,521,1.9798548576677786,0.17177346721947698,8.676063629321899
10,24,11,15,2.0799050097525127,28.214441108303355,-6.196553735356858,521,1.9798548576677786,0.17177346721947698,8.676063629321899
10,24,11,16,2.0798966575454516,28.214331631038505,-6.196553735356858,521,1.9798548576677786,0.17177346721947698,8.676063629321899
10,24,11,17,1.9413938532325046,26.179510390343673,-6.196553735356858,521,1.9798548576677786,0.17177346721947698,8.676063629321899
10,24,11,18,1.9413938532325046,26.179510390343673,-6.196553735356858,521,1.9798548576677786,0.17177346721947698,8.676063629321899
10,24,12,14,2.0799050097525127,28.214441108303355,-6.196553735356858,521,1.9798548576677786,0.17177346721947698,8.676063629321899
10,24,12,15,2.0799050097525127,28.214441108303355,-6.196553735356858,521,1.9798548576677786,0.17177346721947698,8.676063629321899
10,24,12,16,2.0798966575454516,28.214331631038505,-6.196553735356858,521,1.9798548576677786,0.17177346721947698,8.676063629321899
10,24,12,17,1.9413938532325046,26.179510390343673,-6.196553735356858,521,1.9798548576677786,0.17177346721947698,8.676063629321899
10,24,12,18,1.9413938532325046,26.179510390343673,-6.196553735356858,521,1.9798548576677786,0.17177346721947698,8.676063629321899
10,25,8,14,1.9308809860330483,26.009276653533675,-6.244256018846972,515,1.9798548576677786,0.17177346721947698,8.676063629321899
10,25,8,15,1.9816350945382335,26.698565880888793,-6.244256018846972,518,1.9798548576677786,0.17177346721947698,8.676063629321899
10,25,8,16,2.000053754967519,27.011924595455426,-6.244256018846972,518,1.9798548576677786,0.17177346721947698,8.676063629321899
10,25,8,17,1.8602137766480735,24.977103354760576,-6.244256018846972,518,1.9798548576677786,0.17177346721947698,8.676063629321899
10,25,8,18,1.8602137766480735,24.977103354760576,-6.244256018846972,518,1.9798548576677786,0.17177346721947698,8.676063629321899
10,25,9,14,1.9309552640463497,26.010116852165478,-6.244256018846972,515,1.9798548576677786,0.17177346721947698,8.676063629321899
10,25,9,15,1.9816350945382335,26.698565880888793,-6.244256018846972,518,1.9798548576677786,0.17177346721947698,8.676063629321899
10,25,9,16,1.9816266813645214,26.698456403623936,-6.244256018846972,518,1.9798548576677786,0.17177346721947698,8.676063629321899
10,25,9,17,1.8602137766480735,24.977103354760576,-6.244256018846972,518,1.9798548576677786,0.17177346721947698,8.676063629321899
10,25,9,18,1.8602137766480735,24.977103354760576,-6.244256018846972,518,1.9798548576677786,0.17177346721947698,8.676063629321899
10,25,10,14,1.9309552640463497,26.010116852165478,-6.244256018846972,515,1.9798548576677786,0.17177346721947698,8.676063629321899
10,25,10,15,1.9816350945382335,26.698565880888793,-6.244256018846972,518,1.9798548576677786,0.17177346721947698,8.676063629321899
10,25,10,16,1.9816266813645214,26.698456403623936,-6.244256018846972,518,1.9798548576677786,0.17177346721947698,8.676063629321899
10,25,10,17,1.841434063825159,24.663635162929086,-6.244256018846972,518,1.9798548576677786,0.17177346721947698,8.676063629321899
10,25,10,18,1.841434063825159,24.663635162929086,-6.244256018846972,518,1.9798548576677786,0.17177346721947698,8.676063629321899
10,25,11,14,1.9049912903138981,25.792699132146346,-6.196553735356858,521,1.9798548576677786,0.17177346721947698,8.676063629321899
10,25,11,15,1.9937655929546954,27.002211418475675,-6.196553735356858,521,1.9798548576677786,0.17177346721947698,8.676063629321899
10,25,11,16,1.9937572339132459,27.00210194121082,-6.196553735356858,521,1.9798548576677786,0.17177346721947698,8.676063629321899
10,25,11,17,1.854476180815241,24.967280700515992,-6.196553735356858,521,1.9798548576677786,0.17177346721947698,8.676063629321899
10,25,11,18,1.854476180815241,24.967280700515992,-6.196553735356858,521,1.9798548576677786,0.17177346721947698,8.676063629321899
10,25,12,14,1.9937655929546954,27.002211418475675,-6.196553735356858,521,1.9798548576677786,0.17177346721947698,8.676063629321899
10,25,12,15,1.9937655929546954,27.002211418475675,-6.196553735356858,521,1.9798548576677786,0.17177346721947698,8.676063629321899
10,25,12,16,1.9937572339132459,27.00210194121082,-6.196553735356858,521,1.9798548576677786,0.17177346721947698,8.676063629321899
10,25,12,17,1.854476180815241,24.967280700515992,-6.196553735356858,521,1.9798548576677786,0.17177346721947698,8.676063629321899
10,25,12,18,1.854476180815241,24.967280700515992,-6.196553735356858,521,1.9798548576677786,0.17177346721947698,8.676063629321899
11,21,8,14,2.0197415596979282,27.23006903047962,-5.086890203529093,515,1.9798548576677786,0.17177346721947698,8.676063629321899
11,21,8,15,2.0702758499007627,27.919358257834716,-5.086890203529093,518,1.9798548576677786,0.17177346721947698,8.676063629321899
11,21,8,16,2.0885254626444745,28.232716972401374,-5.086890203529093,518,1.9798548576677786,0.17177346721947698,8.676063629321899
11,21,8,17,2.0885254626444745,28.232716972401374,-5.086890203529093,518,1.9798548576677786,0.17177346721947698,8.676063629321899
11,21,8,18,2.0885254626444745,28.232716972401374,-5.086890203529093,518,1.9798548576677786,0.17177346721947698,8.676063629321899
11,21,9,14,2.01981589114848,27.230909229111422,-5.086890203529093,515,1.9798548576677786,0.17177346721947698,8.676063629321899
11,21,9,15,2.0702758499007627,27.919358257834716,-5.086890203529093,518,1.9798548576677786,0.17177346721947698,8.676063629321899
11,21,9,16,2.0702674279862032,27.91924878056986,-5.086890203529093,518,1.9798548576677786,0.17177346721947698,8.676063629321899
11,21,9,17,2.0885254626444745,28.232716972401374,-5.086890203529093,518,1.9798548576677786,0.17177346721947698,8.676063629321899
11,21,9,18,2.0885254626444745,28.232716972401374,-5.086890203529093,518,1.9798548576677786,0.17177346721947698,8.676063629321899
11,21,10,14,2.01981589114848,27.230909229111422,-5.086890203529093,515,1.9798548576677786,0.17177346721947698,8.676063629321899
11,21,10,15,2.0702758499007627,27.919358257834716,-5.086890203529093,518,1.9798548576677786,0.17177346721947698,8.676063629321899
11,21,10,16,2.0702674279862032,27.91924878056986,-5.086890203529093,518,1.9798548576677786,0.17177346721947698,8.676063629321899
11,21,10,17,2.0702674279862032,27.91924878056986,-5.086890203529093,518,1.9798548576677786,0.17177346721947698,8.676063629321899
11,21,10,18,2.0702674279862032,27.91924878056986,-5.086890203529093,518,1.9798548576677786,0.17177346721947698,8.676063629321899
11,21,11,14,1.9811084904034555,26.70851992720411,-5.086890203529093,518,1.9798548576677786,0.17177346721947698,8.676063629321899
11,21,11,15,2.070201621844914,27.91803221353344,-5.086890203529093,518,1.9798548576677786,0.17177346721947698,8.676063629321899
11,21,11,16,2.0701931998174965,27.917922736268586,-5.086890203529093,518,1.9798548576677786,0.17177346721947698,8.676063629321899
11,21,11,17,2.0701931998174965,27.917922736268586,-5.086890203529093,518,1.9798548576677786,0.17177346721947698,8.676063629321899
11,21,11,18,2.0701931998174965,27.917922736268586,-5.086890203529093,518,1.9798548576677786,0.17177346721947698,8.676063629321899
11,21,12,14,2.070201621844914,27.91803221353344,-5.086890203529093,518,1.9798548576677786,0.17177346721947698,8.676063629321899
11,21,12,15,2.070201621844914,27.91803221353344,-5.086890203529093,518,1.9798548576677786,0.17177346721947698,8.676063629321899
11,21,12,16,2.0701931998174965,27.917922736268586,-5.086890203529093,518,1.9798548576677786,0.17177346721947698,8.676063629321899
11,21,12,17,2.0701931998174965,27.917922736268586,-5.086890203529093,518,1.9798548576677786,0.17177346721947698,8.676063629321899
11,21,12,18,2.0701931998174965,27.917922736268586,-5.086890203529093,518,1.9798548576677786,0.17177346721947698,8.676063629321899
11,22,8,14,2.112341183507803,28.438974191807365,-5.03103780138151,515,1.9798548576677786,0.17177346721947698,8.676063629321899
11,22,8,15,2.1628870893202743,29.128263419162437,-5.03103780138151,518,1.9798548576677786,0.17177346721947698,8.676063629321899
11,22,8,16,2.181004111327562,29.441622133729094,-5.03103780138151,518,1.9798548576677786,0.17177346721947698,8.676063629321899
11,22,8,17,2.181004111327562,29.441622133729094,-5.03103780138151,518,1.9798548576677786,0.17177346721947698,8.676063629321899
11,22,8,18,2.181004111327562,29.441622133729094,-5.03103780138151,518,1.9798548576677786,0.17177346721947698,8.676063629321899
11,22,9,14,2.1124160677868282,28.43981439043912,-5.03103780138151,515,1.9798548576677786,0.17177346721947698,8.676063629321899
11,22,9,15,2.1628870893202743,29.128263419162437,-5.03103780138151,518,1.9798548576677786,0.17177346721947698,8.676063629321899
11,22,9,16,2.1628786332497594,29.128153941897583,-5.03103780138151,518,1.9798548576677786,0.17177346721947698,8.676063629321899
11,22,9,17,2.181004111327562,29.441622133729094,-5.03103780138151,518,1.9798548576677786,0.17177346721947698,8.676063629321899
11,22,9,18,2.181004111327562,29.441622133729094,-5.03103780138151,518,1.9798548576677786,0.17177346721947698,8.676063629321899
11,22,10,14,2.1124160677868282,28.43981439043912,-5.03103780138151,515,1.9798548576677786,0.17177346721947698,8.676063629321899
11,22,10,15,2.1628870893202743,29.128263419162437,-5.03103780138151,518,1.9798548576677786,0.17177346721947698,8.676063629321899
11,22,10,16,2.1628786332497594,29.128153941897583,-5.03103780138151,518,1.9798548576677786,0.17177346721947698,8.676063629321899
11,22,10,17,2.1628786332497594,29.128153941897583,-5.03103780138151,518,1.9798548576677786,0.17177346721947698,8.676063629321899
11,22,10,18,2.1628786332497594,29.128153941897583,-5.03103780138151,518,1.9798548576677786,0.17177346721947698,8.676063629321899
11,22,11,14,1.9811084904034555,26.70851992720411,-5.086890203529093,518,1.9798548576677786,0.17177346721947698,8.676063629321899
11,22,11,15,2.070201621844914,27.91803221353344,-5.086890203529093,518,1.9798548576677786,0.17177346721947698,8.676063629321899
11,22,11,16,2.0701931998174965,27.917922736268586,-5.086890203529093,518,1.9798548576677786,0.17177346721947698,8.676063629321899
11,22,11,17,2.0701931998174965,27.917922736268586,-5.086890203529093,518,1.9798548576677786,0.17177346721947698,8.676063629321899
11,22,11,18,2.0701931998174965,27.917922736268586,-5.086890203529093,518,1.9798548576677786,0.17177346721947698,8.676063629321899
11,22,12,14,2.070201621844914,27.91803221353344,-5.086890203529093,518,1.9798548576677786,0.17177346721947698,8.676063629321899
11,22,12,15,2.070201621844914,27.91803221353344,-5.086890203529093,518,1.9798548576677786,0.17177346721947698,8.676063629321899
11,22,12,16,2.0701931998174965,27.917922736268586,-5.086890203529093,518,1.9798548576677786,0.17177346721947698,8.676063629321899
11,22,12,17,2.0701931998174965,27.917922736268586,-5.086890203529093,518,1.9798548576677786,0.17177346721947698,8.676063629321899
11,22,12,18,2.0701931998174965,27.917922736268586,-5.086890203529093,518,1.9798548576677786,0.17177346721947698,8.676063629321899
11,23,8,14,2.2503294576836104,30.473795432502193,-5.03103780138151,515,1.9798548576677786,0.17177346721947698,8.676063629321899
11,23,8,15,2.3007082060830863,31.163084659857265,-5.03103780138151,518,1.9798548576677786,0.17177346721947698,8.676063629321899
11,23,8,16,2.3184924627170878,31.4764433744239,-5.03103780138151,518,1.9798548576677786,0.17177346721947698,8.676063629321899
11,23,8,17,2.181004111327562,29.441622133729094,-5.03103780138151,518,1.9798548576677786,0.17177346721947698,8.676063629321899
11,23,8,18,2.181004111327562,29.441622133729094,-5.03103780138151,518,1.9798548576677786,0.17177346721947698,8.676063629321899
11,23,9,14,2.25040500691131,30.47463563113397,-5.03103780138151,515,1.9798548576677786,0.17177346721947698,8.676063629321899
11,23,9,15,2.3007082060830863,31.163084659857265,-5.03103780138151,518,1.9798548576677786,0.17177346721947698,8.676063629321899
11,23,9,16,2.300699788478936,31.16297518259241,-5.03103780138151,518,1.9798548576677786,0.17177346721947698,8.676063629321899
11,23,9,17,2.181004111327562,29.441622133729094,-5.03103780138151,518,1.9798548576677786,0.17177346721947698,8.676063629321899
11,23,9,18,2.181004111327562,29.441622133729094,-5.03103780138151,518,1.9798548576677786,0.17177346721947698,8.676063629321899
11,23,10,14,2.25040500691131,30.47463563113397,-5.03103780138151,515,1.9798548576677786,0.17177346721947698,8.676063629321899
11,23,10,15,2.3007082060830863,31.163084659857265,-5.03103780138151,518,1.9798548576677786,0.17177346721947698,8.676063629321899
11,23,10,16,2.300699788478936,31.16297518259241,-5.03103780138151,518,1.9798548576677786,0.17177346721947698,8.676063629321899
11,23,10,17,2.1628786332497594,29.128153941897583,-5.03103780138151,518,1.9798548576677786,0.17177346721947698,8.676063629321899
11,23,10,18,2.1628786332497594,29.128153941897583,-5.03103780138151,518,1.9798548576677786,0.17177346721947698,8.676063629321899
11,23,11,14,2.1195064103933166,28.74334116789894,-5.086890203529093,518,1.9798548576677786,0.17177346721947698,8.676063629321899
11,23,11,15,2.208185674078799,29.952853454228247,-5.086890203529093,518,1.9798548576677786,0.17177346721947698,8.676063629321899
11,23,11,16,2.208177289269107,29.95274397696339,-5.086890203529093,518,1.9798548576677786,0.17177346721947698,8.676063629321899
11,23,11,17,2.0701931998174965,27.917922736268586,-5.086890203529093,518,1.9798548576677786,0.17177346721947698,8.676063629321899
11,23,11,18,2.0701931998174965,27.917922736268586,-5.086890203529093,518,1.9798548576677786,0.17177346721947698,8.676063629321899
11,23,12,14,2.208185674078799,29.952853454228247,-5.086890203529093,518,1.9798548576677786,0.17177346721947698,8.676063629321899
11,23,12,15,2.208185674078799,29.952853454228247,-5.086890203529093,518,1.9798548576677786,0.17177346721947698,8.676063629321899
11,23,12,16,2.208177289269107,29.95274397696339,-5.086890203529093,518,1.9798548576677786,0.17177346721947698,8.676063629321899
11,23,12,17,2.0701931998174965,27.917922736268586,-5.086890203529093,518,1.9798548576677786,0.17177346721947698,8.676063629321899
11,23,12,18,2.0701931998174965,27.917922736268586,-5.086890203529093,518,1.9798548576677786,0.17177346721947698,8.676063629321899
11,24,8,14,2.1588438170159177,29.26542728321364,-6.128517588062731,515,1.9798548576677786,0.17177346721947698,8.676063629321899
11,24,8,15,2.209244182213106,29.954716510568712,-6.128517588062731,518,1.9798548576677786,0.17177346721947698,8.676063629321899
11,24,8,16,2.227162595185254,30.26807522513537,-6.128517588062731,518,1.9798548576677786,0.17177346721947698,8.676063629321899
11,24,8,17,2.089450770970365,28.233253984440566,-6.128517588062731,518,1.9798548576677786,0.17177346721947698,8.676063629321899
11,24,8,18,2.089450770970365,28.233253984440566,-6.128517588062731,518,1.9798548576677786,0.17177346721947698,8.676063629321899
11,24,9,14,2.1589188802235575,29.26626748184542,-6.128517588062731,515,1.9798548576677786,0.17177346721947698,8.676063629321899
11,24,9,15,2.209244182213106,29.954716510568712,-6.128517588062731,518,1.9798548576677786,0.17177346721947698,8.676063629321899
11,24,9,16,2.2092357925777577,29.95460703330388,-6.128517588062731,518,1.9798548576677786,0.17177346721947698,8.676063629321899
11,24,9,17,2.089450770970365,28.233253984440566,-6.128517588062731,518,1.9798548576677786,0.17177346721947698,8.676063629321899
11,24,9,18,2.089450770970365,28.233253984440566,-6.128517588062731,518,1.9798548576677786,0.17177346721947698,8.676063629321899
11,24,10,14,2.1589188802235575,29.26626748184542,-6.128517588062731,515,1.9798548576677786,0.17177346721947698,8.676063629321899
11,24,10,15,2.209244182213106,29.954716510568712,-6.128517588062731,518,1.9798548576677786,0.17177346721947698,8.676063629321899
11,24,10,16,2.2092357925777577,29.95460703330388,-6.128517588062731,518,1.9798548576677786,0.17177346721947698,8.676063629321899
11,24,10,17,2.0711866047631395,27.919785792609055,-6.128517588062731,518,1.9798548576677786,0.17177346721947698,8.676063629321899
11,24,10,18,2.0711866047631395,27.919785792609055,-6.128517588062731,518,1.9798548576677786,0.17177346721947698,8.676063629321899
11,24,11,14,2.028267271384488,27.53497301861041,-6.196553735356858,518,1.9798548576677786,0.17177346721947698,8.676063629321899
11,24,11,15,2.116882362051893,28.744485304939715,-6.196553735356858,518,1.9798548576677786,0.17177346721947698,8.676063629321899
11,24,11,16,2.1168740062215994,28.74437582767486,-6.196553735356858,518,1.9798548576677786,0.17177346721947698,8.676063629321899
11,24,11,17,1.978676214204004,26.709554586980055,-6.196553735356858,518,1.9798548576677786,0.17177346721947698,8.676063629321899
11,24,11,18,1.978676214204004,26.709554586980055,-6.196553735356858,518,1.9798548576677786,0.17177346721947698,8.676063629321899
11,24,12,14,2.116882362051893,28.744485304939715,-6.196553735356858,518,1.9798548576677786,0.17177346721947698,8.676063629321899
11,24,12,15,2.116882362051893,28.744485304939715,-6.196553735356858,518,1.9798548576677786,0.17177346721947698,8.676063629321899
11,24,12,16,2.1168740062215994,28.74437582767486,-6.196553735356858,518,1.9798548576677786,0.17177346721947698,8.676063629321899
11,24,12,17,1.978676214204004,26.709554586980055,-6.196553735356858,518,1.9798548576677786,0.17177346721947698,8.676063629321899
11,24,12,18,1.978676214204004,26.709554586980055,-6.196553735356858,518,1.9798548576677786,0.17177346721947698,8.676063629321899
11,25,8,14,2.0354947747204712,27.52182735244828,-6.128517588062731,518,1.9798548576677786,0.17177346721947698,8.676063629321899
11,25,8,15,2.085972430283194,28.211116579803374,-6.128517588062731,521,1.9798548576677786,0.17177346721947698,8.676063629321899
11,25,8,16,2.1041439710173204,28.524475294370035,-6.128517588062731,521,1.9798548576677786,0.17177346721947698,8.676063629321899
11,25,8,17,1.9653425446941275,26.489654053675203,-6.128517588062731,521,1.9798548576677786,0.17177346721947698,8.676063629321899
11,25,8,18,1.9653425446941275,26.489654053675203,-6.128517588062731,521,1.9798548576677786,0.17177346721947698,8.676063629321899
11,25,9,14,2.035569030016464,27.522667551080083,-6.128517588062731,518,1.9798548576677786,0.17177346721947698,8.676063629321899
11,25,9,15,2.085972430283194,28.211116579803374,-6.128517588062731,521,1.9798548576677786,0.17177346721947698,8.676063629321899
11,25,9,16,2.08596403644151,28.211007102538545,-6.128517588062731,521,1.9798548576677786,0.17177346721947698,8.676063629321899
11,25,9,17,1.9653425446941275,26.489654053675203,-6.128517588062731,521,1.9798548576677786,0.17177346721947698,8.676063629321899
11,25,9,18,1.9653425446941275,26.489654053675203,-6.128517588062731,521,1.9798548576677786,0.17177346721947698,8.676063629321899
11,25,10,14,2.035569030016464,27.522667551080083,-6.128517588062731,518,1.9798548576677786,0.17177346721947698,8.676063629321899
11,25,10,15,2.085972430283194,28.211116579803374,-6.128517588062731,521,1.9798548576677786,0.17177346721947698,8.676063629321899
11,25,10,16,2.08596403644151,28.211007102538545,-6.128517588062731,521,1.9798548576677786,0.17177346721947698,8.676063629321899
11,25,10,17,1.946818031728993,26.176185861843692,-6.128517588062731,521,1.9798548576677786,0.17177346721947698,8.676063629321899
11,25,10,18,1.946818031728993,26.176185861843692,-6.128517588062731,521,1.9798548576677786,0.17177346721947698,8.676063629321899
11,25,11,14,1.9049159011563828,25.79137308784505,-6.196553735356858,521,1.9798548576677786,0.17177346721947698,8.676063629321899
11,25,11,15,1.9936909993335188,27.000885374174377,-6.196553735356858,521,1.9798548576677786,0.17177346721947698,8.676063629321899
11,25,11,16,1.9936826401808996,27.000775896909524,-6.196553735356858,521,1.9798548576677786,0.17177346721947698,8.676063629321899
11,25,11,17,1.8543999357817602,24.965954656214695,-6.196553735356858,521,1.9798548576677786,0.17177346721947698,8.676063629321899
11,25,11,18,1.8543999357817602,24.965954656214695,-6.196553735356858,521,1.9798548576677786,0.17177346721947698,8.676063629321899
11,25,12,14,1.9936909993335188,27.000885374174377,-6.196553735356858,521,1.9798548576677786,0.17177346721947698,8.676063629321899
11,25,12,15,1.9936909993335188,27.000885374174377,-6.196553735356858,521,1.9798548576677786,0.17177346721947698,8.676063629321899
11,25,12,16,1.9936826401808996,27.000775896909524,-6.196553735356858,521,1.9798548576677786,0.17177346721947698,8.676063629321899
11,25,12,17,1.8543999357817602,24.965954656214695,-6.196553735356858,521,1.9798548576677786,0.17177346721947698,8.676063629321899
11,25,12,18,1.8543999357817602,24.965954656214695,-6.196553735356858,521,1.9798548576677786,0.17177346721947698,8.676063629321899
12,21,8,14,2.0197415596979282,27.23006903047962,-5.086890203529093,515,1.9798548576677786,0.17177346721947698,8.676063629321899
12,21,8,15,2.0702758499007627,27.919358257834716,-5.086890203529093,518,1.9798548576677786,0.17177346721947698,8.676063629321899
12,21,8,16,2.0885254626444745,28.232716972401374,-5.086890203529093,518,1.9798548576677786,0.17177346721947698,8.676063629321899
12,21,8,17,2.0885254626444745,28.232716972401374,-5.086890203529093,518,1.9798548576677786,0.17177346721947698,8.676063629321899
12,21,8,18,2.0885254626444745,28.232716972401374,-5.086890203529093,518,1.9798548576677786,0.17177346721947698,8.676063629321899
12,21,9,14,2.01981589114848,27.230909229111422,-5.086890203529093,515,1.9798548576677786,0.17177346721947698,8.676063629321899
12,21,9,15,2.0702758499007627,27.919358257834716,-5.086890203529093,518,1.9798548576677786,0.17177346721947698,8.676063629321899
12,21,9,16,2.0702674279862032,27.91924878056986,-5.086890203529093,518,1.9798548576677786,0.17177346721947698,8.676063629321899
12,21,9,17,2.0885254626444745,28.232716972401374,-5.086890203529093,518,1.9798548576677786,0.17177346721947698,8.676063629321899
12,21,9,18,2.0885254626444745,28.232716972401374,-5.086890203529093,518,1.9798548576677786,0.17177346721947698,8.676063629321899
12,21,10,14,2.01981589114848,27.230909229111422,-5.086890203529093,515,1.9798548576677786,0.17177346721947698,8.676063629321899
12,21,10,15,2.0702758499007627,27.919358257834716,-5.086890203529093,518,1.9798548576677786,0.17177346721947698,8.676063629321899
12,21,10,16,2.0702674279862032,27.91924878056986,-5.086890203529093,518,1.9798548576677786,0.17177346721947698,8.676063629321899
12,21,10,17,2.0702674279862032,27.91924878056986,-5.086890203529093,518,1.9798548576677786,0.17177346721947698,8.676063629321899
12,21,10,18,2.0702674279862032,27.91924878056986,-5.086890203529093,518,1.9798548576677786,0.17177346721947698,8.676063629321899
12,21,11,14,1.9811084904034555,26.70851992720411,-5.086890203529093,518,1.9798548576677786,0.17177346721947698,8.676063629321899
12,21,11,15,2.070201621844914,27.91803221353344,-5.086890203529093,518,1.9798548576677786,0.17177346721947698,8.676063629321899
12,21,11,16,2.0701931998174965,27.917922736268586,-5.086890203529093,518,1.9798548576677786,0.17177346721947698,8.676063629321899
12,21,11,17,2.0701931998174965,27.917922736268586,-5.086890203529093,518,1.9798548576677786,0.17177346721947698,8.676063629321899
12,21,11,18,2.0701931998174965,27.917922736268586,-5.086890203529093,518,1.9798548576677786,0.17177346721947698,8.676063629321899
12,21,12,14,2.070201621844914,27.91803221353344,-5.086890203529093,518,1.9798548576677786,0.17177346721947698,8.676063629321899
12,21,12,15,2.070201621844914,27.91803221353344,-5.086890203529093,518,1.9798548576677786,0.17177346721947698,8.676063629321899
12,21,12,16,2.0701931998174965,27.917922736268586,-5.086890203529093,518,1.9798548576677786,0.17177346721947698,8.676063629321899
12,21,12,17,2.0701931998174965,27.917922736268586,-5.086890203529093,518,1.9798548576677786,0.17177346721947698,8.676063629321899
12,21,12,18,2.0701931998174965,27.917922736268586,-5.086890203529093,518,1.9798548576677786,0.17177346721947698,8.676063629321899
12,22,8,14,2.0197415596979282,27.23006903047962,-5.086890203529093,515,1.9798548576677786,0.17177346721947698,8.676063629321899
12,22,8,15,2.0702758499007627,27.919358257834716,-5.086890203529093,518,1.9798548576677786,0.17177346721947698,8.676063629321899
12,22,8,16,2.0885254626444745,28.232716972401374,-5.086890203529093,518,1.9798548576677786,0.17177346721947698,8.676063629321899
12,22,8,17,2.0885254626444745,28.232716972401374,-5.086890203529093,518,1.9798548576677786,0.17177346721947698,8.676063629321899
12,22,8,18,2.0885254626444745,28.232716972401374,-5.086890203529093,518,1.9798548576677786,0.17177346721947698,8.676063629321899
12,22,9,14,2.01981589114848,27.230909229111422,-5.086890203529093,515,1.9798548576677786,0.17177346721947698,8.676063629321899
12,22,9,15,2.0702758499007627,27.919358257834716,-5.086890203529093,518,1.9798548576677786,0.17177346721947698,8.676063629321899
12,22,9,16,2.0702674279862032,27.91924878056986,-5.086890203529093,518,1.9798548576677786,0.17177346721947698,8.676063629321899
12,22,9,17,2.0885254626444745,28.232716972401374,-5.086890203529093,518,1.9798548576677786,0.17177346721947698,8.676063629321899
12,22,9,18,2.0885254626444745,28.232716972401374,-5.086890203529093,518,1.9798548576677786,0.17177346721947698,8.676063629321899
12,22,10,14,2.01981589114848,27.230909229111422,-5.086890203529093,515,1.9798548576677786,0.17177346721947698,8.676063629321899
12,22,10,15,2.0702758499007627,27.919358257834716,-5.086890203529093,518,1.9798548576677786,0.17177346721947698,8.676063629321899
12,22,10,16,2.0702674279862032,27.91924878056986,-5.086890203529093,518,1.9798548576677786,0.17177346721947698,8.676063629321899
12,22,10,17,2.0702674279862032,27.91924878056986,-5.086890203529093,518,1.9798548576677786,0.17177346721947698,8.676063629321899
12,22,10,18,2.0702674279862032,27.91924878056986,-5.086890203529093,518,1.9798548576677786,0.17177346721947698,8.676063629321899
12,22,11,14,1.9811084904034555,26.70851992720411,-5.086890203529093,518,1.9798548576677786,0.17177346721947698,8.676063629321899
12,22,11,15,2.070201621844914,27.91803221353344,-5.086890203529093,518,1.9798548576677786,0.17177346721947698,8.676063629321899
12,22,11,16,2.0701931998174965,27.917922736268586,-5.086890203529093,518,1.9798548576677786,0.17177346721947698,8.676063629321899
12,22,11,17,2.0701931998174965,27.917922736268586,-5.086890203529093,518,1.9798548576677786,0.17177346721947698,8.676063629321899
12,22,11,18,2.0701931998174965,27.917922736268586,-5.086890203529093,518,1.9798548576677786,0.17177346721947698,8.676063629321899
12,22,12,14,2.070201621844914,27.91803221353344,-5.086890203529093,518,1.9798548576677786,0.17177346721947698,8.676063629321899
12,22,12,15,2.070201621844914,27.91803221353344,-5.086890203529093,518,1.9798548576677786,0.17177346721947698,8.676063629321899
12,22,12,16,2.0701931998174965,27.917922736268586,-5.086890203529093,518,1.9798548576677786,0.17177346721947698,8.676063629321899
12,22,12,17,2.0701931998174965,27.917922736268586,-5.086890203529093,518,1.9798548576677786,0.17177346721947698,8.676063629321899
12,22,12,18,2.0701931998174965,27.917922736268586,-5.086890203529093,518,1.9798548576677786,0.17177346721947698,8.676063629321899
12,23,8,14,2.2503294576836104,30.473795432502193,-5.03103780138151,515,1.9798548576677786,0.17177346721947698,8.676063629321899
12,23,8,15,2.3007082060830863,31.163084659857265,-5.03103780138151,518,1.9798548576677786,0.17177346721947698,8.676063629321899
12,23,8,16,2.3184924627170878,31.4764433744239,-5.03103780138151,518,1.9798548576677786,0.17177346721947698,8.676063629321899
12,23,8,17,2.181004111327562,29.441622133729094,-5.03103780138151,518,1.9798548576677786,0.17177346721947698,8.676063629321899
12,23,8,18,2.181004111327562,29.441622133729094,-5.03103780138151,518,1.9798548576677786,0.17177346721947698,8.676063629321899
12,23,9,14,2.25040500691131,30.47463563113397,-5.03103780138151,515,1.9798548576677786,0.17177346721947698,8.676063629321899
12,23,9,15,2.3007082060830863,31.163084659857265,-5.03103780138151,518,1.9798548576677786,0.17177346721947698,8.676063629321899
12,23,9,16,2.300699788478936,31.16297518259241,-5.03103780138151,518,1.9798548576677786,0.17177346721947698,8.676063629321899
12,23,9,17,2.181004111327562,29.441622133729094,-5.03103780138151,518,1.9798548576677786,0.17177346721947698,8.676063629321899
12,23,9,18,2.181004111327562,29.441622133729094,-5.03103780138151,518,1.9798548576677786,0.17177346721947698,8.676063629321899
12,23,10,14,2.25040500691131,30.47463563113397,-5.03103780138151,515,1.9798548576677786,0.17177346721947698,8.676063629321899
12,23,10,15,2.3007082060830863,31.163084659857265,-5.03103780138151,518,1.9798548576677786,0.17177346721947698,8.676063629321899
12,23,10,16,2.300699788478936,31.16297518259241,-5.03103780138151,518,1.9798548576677786,0.17177346721947698,8.676063629321899
12,23,10,17,2.1628786332497594,29.128153941897583,-5.03103780138151,518,1.9798548576677786,0.17177346721947698,8.676063629321899
12,23,10,18,2.1628786332497594,29.128153941897583,-5.03103780138151,518,1.9798548576677786,0.17177346721947698,8.676063629321899
12,23,11,14,2.1195064103933166,28.74334116789894,-5.086890203529093,518,1.9798548576677786,0.17177346721947698,8.676063629321899
12,23,11,15,2.208185674078799,29.952853454228247,-5.086890203529093,518,1.9798548576677786,0.17177346721947698,8.676063629321899
12,23,11,16,2.208177289269107,29.95274397696339,-5.086890203529093,518,1.9798548576677786,0.17177346721947698,8.676063629321899
12,23,11,17,2.0701931998174965,27.917922736268586,-5.086890203529093,518,1.9798548576677786,0.17177346721947698,8.676063629321899
12,23,11,18,2.0701931998174965,27.917922736268586,-5.086890203529093,518,1.9798548576677786,0.17177346721947698,8.676063629321899
12,23,12,14,2.208185674078799,29.952853454228247,-5.086890203529093,518,1.9798548576677786,0.17177346721947698,8.676063629321899
12,23,12,15,2.208185674078799,29.952853454228247,-5.086890203529093,518,1.9798548576677786,0.17177346721947698,8.676063629321899
12,23,12,16,2.208177289269107,29.95274397696339,-5.086890203529093,518,1.9798548576677786,0.17177346721947698,8.676063629321899
12,23,12,17,2.0701931998174965,27.917922736268586,-5.086890203529093,518,1.9798548576677786,0.17177346721947698,8.676063629321899
12,23,12,18,2.0701931998174965,27.917922736268586,-5.086890203529093,518,1.9798548576677786,0.17177346721947698,8.676063629321899
12,24,8,14,2.121731332464809,28.734057042276007,-6.128517588062731,518,1.9798548576677786,0.17177346721947698,8.676063629321899
12,24,8,15,2.1721578203814973,29.42334626963108,-6.128517588062731,521,1.9798548576677786,0.17177346721947698,8.676063629321899
12,24,8,16,2.190187534552248,29.736704984197736,-6.128517588062731,521,1.9798548576677786,0.17177346721947698,8.676063629321899
12,24,8,17,2.0521702945116598,27.701883743502908,-6.128517588062731,521,1.9798548576677786,0.17177346721947698,8.676063629321899
12,24,8,18,2.0521702945116598,27.701883743502908,-6.128517588062731,521,1.9798548576677786,0.17177346721947698,8.676063629321899
12,24,9,14,2.1218061473562093,28.734897240907785,-6.128517588062731,518,1.9798548576677786,0.17177346721947698,8.676063629321899
12,24,9,15,2.1721578203814973,29.42334626963108,-6.128517588062731,521,1.9798548576677786,0.17177346721947698,8.676063629321899
12,24,9,16,2.1721494343199192,29.423236792366225,-6.128517588062731,521,1.9798548576677786,0.17177346721947698,8.676063629321899
12,24,9,17,2.0521702945116598,27.701883743502908,-6.128517588062731,521,1.9798548576677786,0.17177346721947698,8.676063629321899
12,24,9,18,2.0521702945116598,27.701883743502908,-6.128517588062731,521,1.9798548576677786,0.17177346721947698,8.676063629321899
12,24,10,14,2.1218061473562093,28.734897240907785,-6.128517588062731,518,1.9798548576677786,0.17177346721947698,8.676063629321899
12,24,10,15,2.1721578203814973,29.42334626963108,-6.128517588062731,521,1.9798548576677786,0.17177346721947698,8.676063629321899
12,24,10,16,2.1721494343199192,29.423236792366225,-6.128517588062731,521,1.9798548576677786,0.17177346721947698,8.676063629321899
12,24,10,17,2.0337929380765543,27.388415551671397,-6.128517588062731,521,1.9798548576677786,0.17177346721947698,8.676063629321899
12,24,10,18,2.0337929380765543,27.388415551671397,-6.128517588062731,521,1.9798548576677786,0.17177346721947698,8.676063629321899
12,24,11,14,1.9911781838409095,27.003602777672754,-6.196553735356858,521,1.9798548576677786,0.17177346721947698,8.676063629321899
12,24,11,15,2.0798311243932903,28.21311506400206,-6.196553735356858,521,1.9798548576677786,0.17177346721947698,8.676063629321899
12,24,11,16,2.079822772075524,28.21300558673723,-6.196553735356858,521,1.9798548576677786,0.17177346721947698,8.676063629321899
12,24,11,17,1.941318346036226,26.1781843460424,-6.196553735356858,521,1.9798548576677786,0.17177346721947698,8.676063629321899
12,24,11,18,1.941318346036226,26.1781843460424,-6.196553735356858,521,1.9798548576677786,0.17177346721947698,8.676063629321899
12,24,12,14,2.0798311243932903,28.21311506400206,-6.196553735356858,521,1.9798548576677786,0.17177346721947698,8.676063629321899
12,24,12,15,2.0798311243932903,28.21311506400206,-6.196553735356858,521,1.9798548576677786,0.17177346721947698,8.676063629321899
12,24,12,16,2.079822772075524,28.21300558673723,-6.196553735356858,521,1.9798548576677786,0.17177346721947698,8.676063629321899
12,24,12,17,1.941318346036226,26.1781843460424,-6.196553735356858,521,1.9798548576677786,0.17177346721947698,8.676063629321899
12,24,12,18,1.941318346036226,26.1781843460424,-6.196553735356858,521,1.9798548576677786,0.17177346721947698,8.676063629321899
12,25,8,14,2.0354947747204712,27.52182735244828,-6.128517588062731,518,1.9798548576677786,0.17177346721947698,8.676063629321899
12,25,8,15,2.085972430283194,28.211116579803374,-6.128517588062731,521,1.9798548576677786,0.17177346721947698,8.676063629321899
12,25,8,16,2.1041439710173204,28.524475294370035,-6.128517588062731,521,1.9798548576677786,0.17177346721947698,8.676063629321899
12,25,8,17,1.9653425446941275,26.489654053675203,-6.128517588062731,521,1.9798548576677786,0.17177346721947698,8.676063629321899
12,25,8,18,1.9653425446941275,26.489654053675203,-6.128517588062731,521,1.9798548576677786,0.17177346721947698,8.676063629321899
12,25,9,14,2.035569030016464,27.522667551080083,-6.128517588062731,518,1.9798548576677786,0.17177346721947698,8.676063629321899
12,25,9,15,2.085972430283194,28.211116579803374,-6.128517588062731,521,1.9798548576677786,0.17177346721947698,8.676063629321899
12,25,9,16,2.08596403644151,28.211007102538545,-6.128517588062731,521,1.9798548576677786,0.17177346721947698,8.676063629321899
12,25,9,17,1.9653425446941275,26.489654053675203,-6.128517588062731,521,1.9798548576677786,0.17177346721947698,8.676063629321899
12,25,9,18,1.9653425446941275,26.489654053675203,-6.128517588062731,521,1.9798548576677786,0.17177346721947698,8.676063629321899
12,25,10,14,2.035569030016464,27.522667551080083,-6.128517588062731,518,1.9798548576677786,0.17177346721947698,8.676063629321899
12,25,10,15,2.085972430283194,28.211116579803374,-6.128517588062731,521,1.9798548576677786,0.17177346721947698,8.676063629321899
12,25,10,16,2.08596403644151,28.211007102538545,-6.128517588062731,521,1.9798548576677786,0.17177346721947698,8.676063629321899
12,25,10,17,1.946818031728993,26.176185861843692,-6.128517588062731,521,1.9798548576677786,0.17177346721947698,8.676063629321899
12,25,10,18,1.946818031728993,26.176185861843692,-6.128517588062731,521,1.9798548576677786,0.17177346721947698,8.676063629321899
12,25,11,14,1.9049159011563828,25.79137308784505,-6.196553735356858,521,1.9798548576677786,0.17177346721947698,8.676063629321899
12,25,11,15,1.9936909993335188,27.000885374174377,-6.196553735356858,521,1.9798548576677786,0.17177346721947698,8.676063629321899
12,25,11,16,1.9936826401808996,27.000775896909524,-6.196553735356858,521,1.9798548576677786,0.17177346721947698,8.676063629321899
12,25,11,17,1.8543999357817602,24.965954656214695,-6.196553735356858,521,1.9798548576677786,0.17177346721947698,8.676063629321899
12,25,11,18,1.8543999357817602,24.965954656214695,-6.196553735356858,521,1.9798548576677786,0.17177346721947698,8.676063629321899
12,25,12,14,1.9936909993335188,27.000885374174377,-6.196553735356858,521,1.9798548576677786,0.17177346721947698,8.676063629321899
12,25,12,15,1.9936909993335188,27.000885374174377,-6.196553735356858,521,1.9798548576677786,0.17177346721947698,8.676063629321899
12,25,12,16,1.9936826401808996,27.000775896909524,-6.196553735356858,521,1.9798548576677786,0.17177346721947698,8.676063629321899
12,25,12,17,1.8543999357817602,24.965954656214695,-6.196553735356858,521,1.9798548576677786,0.17177346721947698,8.676063629321899
12,25,12,18,1.8543999357817602,24.965954656214695,-6.196553735356858,521,1.9798548576677786,0.17177346721947698,8.676063629321899
13,21,8,14,1.9622917463722815,26.230248917925824,-5.087059286540441,509,1.9798548576677786,0.17177346721947698,8.676063629321899
13,21,8,15,2.013162763588223,26.919538145280917,-5.087059286540441,512,1.9798548576677786,0.17177346721947698,8.676063629321899
13,21,8,16,2.031665488732146,27.232896859847557,-5.087059286540441,512,1.9798548576677786,0.17177346721947698,8.676063629321899
13,21,8,17,2.031665488732146,27.232896859847557,-5.087059286540441,512,1.9798548576677786,0.17177346721947698,8.676063629321899
13,21,8,18,2.031665488732146,27.232896859847557,-5.087059286540441,512,1.9798548576677786,0.17177346721947698,8.676063629321899
13,21,9,14,1.9623662188971733,26.231089116557605,-5.087059286540441,509,1.9798548576677786,0.17177346721947698,8.676063629321899
13,21,9,15,2.013162763588223,26.919538145280917,-5.087059286540441,512,1.9798548576677786,0.17177346721947698,8.676063629321899
13,21,9,16,2.013154296476248,26.919428668016042,-5.087059286540441,512,1.9798548576677786,0.17177346721947698,8.676063629321899
13,21,9,17,2.031665488732146,27.232896859847557,-5.087059286540441,512,1.9798548576677786,0.17177346721947698,8.676063629321899
13,21,9,18,2.031665488732146,27.232896859847557,-5.087059286540441,512,1.9798548576677786,0.17177346721947698,8.676063629321899
13,21,10,14,1.9623662188971733,26.231089116557605,-5.087059286540441,509,1.9798548576677786,0.17177346721947698,8.676063629321899
13,21,10,15,2.013162763588223,26.919538145280917,-5.087059286540441,512,1.9798548576677786,0.17177346721947698,8.676063629321899
13,21,10,16,2.013154296476248,26.919428668016042,-5.087059286540441,512,1.9798548576677786,0.17177346721947698,8.676063629321899
13,21,10,17,2.013154296476248,26.919428668016042,-5.087059286540441,512,1.9798548576677786,0.17177346721947698,8.676063629321899
13,21,10,18,2.013154296476248,26.919428668016042,-5.087059286540441,512,1.9798548576677786,0.17177346721947698,8.676063629321899
13,21,11,14,1.923410952352615,25.70869981465027,-5.087059286540441,512,1.9798548576677786,0.17177346721947698,8.676063629321899
13,21,11,15,2.0130874213980947,26.918212100979623,-5.087059286540441,512,1.9798548576677786,0.17177346721947698,8.676063629321899
13,21,11,16,2.0130789541722147,26.918102623714766,-5.087059286540441,512,1.9798548576677786,0.17177346721947698,8.676063629321899
13,21,11,17,2.0130789541722147,26.918102623714766,-5.087059286540441,512,1.9798548576677786,0.17177346721947698,8.676063629321899
13,21,11,18,2.0130789541722147,26.918102623714766,-5.087059286540441,512,1.9798548576677786,0.17177346721947698,8.676063629321899
13,21,12,14,2.0130874213980947,26.918212100979623,-5.087059286540441,512,1.9798548576677786,0.17177346721947698,8.676063629321899
13,21,12,15,2.0130874213980947,26.918212100979623,-5.087059286540441,512,1.9798548576677786,0.17177346721947698,8.676063629321899
13,21,12,16,2.0130789541722147,26.918102623714766,-5.087059286540441,512,1.9798548576677786,0.17177346721947698,8.676063629321899
13,21,12,17,2.0130789541722147,26.918102623714766,-5.087059286540441,512,1.9798548576677786,0.17177346721947698,8.676063629321899
13,21,12,18,2.0130789541722147,26.918102623714766,-5.087059286540441,512,1.9798548576677786,0.17177346721947698,8.676063629321899
13,22,8,14,1.9622917463722815,26.230248917925824,-5.087059286540441,509,1.9798548576677786,0.17177346721947698,8.676063629321899
13,22,8,15,2.013162763588223,26.919538145280917,-5.087059286540441,512,1.9798548576677786,0.17177346721947698,8.676063629321899
13,22,8,16,2.031665488732146,27.232896859847557,-5.087059286540441,512,1.9798548576677786,0.17177346721947698,8.676063629321899
13,22,8,17,2.031665488732146,27.232896859847557,-5.087059286540441,512,1.9798548576677786,0.17177346721947698,8.676063629321899
13,22,8,18,2.031665488732146,27.232896859847557,-5.087059286540441,512,1.9798548576677786,0.17177346721947698,8.676063629321899
13,22,9,14,1.9623662188971733,26.231089116557605,-5.087059286540441,509,1.9798548576677786,0.17177346721947698,8.676063629321899
13,22,9,15,2.013162763588223,26.919538145280917,-5.087059286540441,512,1.9798548576677786,0.17177346721947698,8.676063629321899
13,22,9,16,2.013154296476248,26.919428668016042,-5.087059286540441,512,1.9798548576677786,0.17177346721947698,8.676063629321899
13,22,9,17,2.031665488732146,27.232896859847557,-5.087059286540441,512,1.9798548576677786,0.17177346721947698,8.676063629321899
13,22,9,18,2.031665488732146,27.232896859847557,-5.087059286540441,512,1.9798548576677786,0.17177346721947698,8.676063629321899
13,22,10,14,1.9623662188971733,26.231089116557605,-5.087059286540441,509,1.9798548576677786,0.17177346721947698,8.676063629321899
13,22,10,15,2.013162763588223,26.919538145280917,-5.087059286540441,512,1.9798548576677786,0.17177346721947698,8.676063629321899
13,22,10,16,2.013154296476248,26.919428668016042,-5.087059286540441,512,1.9798548576677786,0.17177346721947698,8.676063629321899
13,22,10,17,2.013154296476248,26.919428668016042,-5.087059286540441,512,1.9798548576677786,0.17177346721947698,8.676063629321899
13,22,10,18,2.013154296476248,26.919428668016042,-5.087059286540441,512,1.9798548576677786,0.17177346721947698,8.676063629321899
13,22,11,14,1.923410952352615,25.70869981465027,-5.087059286540441,512,1.9798548576677786,0.17177346721947698,8.676063629321899
13,22,11,15,2.0130874213980947,26.918212100979623,-5.087059286540441,512,1.9798548576677786,0.17177346721947698,8.676063629321899
13,22,11,16,2.0130789541722147,26.918102623714766,-5.087059286540441,512,1.9798548576677786,0.17177346721947698,8.676063629321899
13,22,11,17,2.0130789541722147,26.918102623714766,-5.087059286540441,512,1.9798548576677786,0.17177346721947698,8.676063629321899
13,22,11,18,2.0130789541722147,26.918102623714766,-5.087059286540441,512,1.9798548576677786,0.17177346721947698,8.676063629321899
13,22,12,14,2.0130874213980947,26.918212100979623,-5.087059286540441,512,1.9798548576677786,0.17177346721947698,8.676063629321899
13,22,12,15,2.0130874213980947,26.918212100979623,-5.087059286540441,512,1.9798548576677786,0.17177346721947698,8.676063629321899
13,22,12,16,2.0130789541722147,26.918102623714766,-5.087059286540441,512,1.9798548576677786,0.17177346721947698,8.676063629321899
13,22,12,17,2.0130789541722147,26.918102623714766,-5.087059286540441,512,1.9798548576677786,0.17177346721947698,8.676063629321899
13,22,12,18,2.0130789541722147,26.918102623714766,-5.087059286540441,512,1.9798548576677786,0.17177346721947698,8.676063629321899
13,23,8,14,2.1016306839985437,28.265070158620652,-5.087059286540441,509,1.9798548576677786,0.17177346721947698,8.676063629321899
13,23,8,15,2.152327265208724,28.954359385975724,-5.087059286540441,512,1.9798548576677786,0.17177346721947698,8.676063629321899
13,23,8,16,2.1704818498407694,29.26771810054236,-5.087059286540441,512,1.9798548576677786,0.17177346721947698,8.676063629321899
13,23,8,17,2.031665488732146,27.232896859847557,-5.087059286540441,512,1.9798548576677786,0.17177346721947698,8.676063629321899
13,23,8,18,2.031665488732146,27.232896859847557,-5.087059286540441,512,1.9798548576677786,0.17177346721947698,8.676063629321899
13,23,9,14,2.1017058338056858,28.265910357252434,-5.087059286540441,509,1.9798548576677786,0.17177346721947698,8.676063629321899
13,23,9,15,2.152327265208724,28.954359385975724,-5.087059286540441,512,1.9798548576677786,0.17177346721947698,8.676063629321899
13,23,9,16,2.1523188362547714,28.95424990871087,-5.087059286540441,512,1.9798548576677786,0.17177346721947698,8.676063629321899
13,23,9,17,2.031665488732146,27.232896859847557,-5.087059286540441,512,1.9798548576677786,0.17177346721947698,8.676063629321899
13,23,9,18,2.031665488732146,27.232896859847557,-5.087059286540441,512,1.9798548576677786,0.17177346721947698,8.676063629321899
13,23,10,14,2.1017058338056858,28.265910357252434,-5.087059286540441,509,1.9798548576677786,0.17177346721947698,8.676063629321899
13,23,10,15,2.152327265208724,28.954359385975724,-5.087059286540441,512,1.9798548576677786,0.17177346721947698,8.676063629321899
13,23,10,16,2.1523188362547714,28.95424990871087,-5.087059286540441,512,1.9798548576677786,0.17177346721947698,8.676063629321899
13,23,10,17,2.013154296476248,26.919428668016042,-5.087059286540441,512,1.9798548576677786,0.17177346721947698,8.676063629321899
13,23,10,18,2.013154296476248,26.919428668016042,-5.087059286540441,512,1.9798548576677786,0.17177346721947698,8.676063629321899
13,23,11,14,2.063010100078466,27.74352105534512,-5.087059286540441,512,1.9798548576677786,0.17177346721947698,8.676063629321899
13,23,11,15,2.152253564732268,28.953033341674427,-5.087059286540441,512,1.9798548576677786,0.17177346721947698,8.676063629321899
13,23,11,16,2.1522451356645385,28.9529238644096,-5.087059286540441,512,1.9798548576677786,0.17177346721947698,8.676063629321899
13,23,11,17,2.0130789541722147,26.918102623714766,-5.087059286540441,512,1.9798548576677786,0.17177346721947698,8.676063629321899
13,23,11,18,2.0130789541722147,26.918102623714766,-5.087059286540441,512,1.9798548576677786,0.17177346721947698,8.676063629321899
13,23,12,14,2.152253564732268,28.953033341674427,-5.087059286540441,512,1.9798548576677786,0.17177346721947698,8.676063629321899
13,23,12,15,2.152253564732268,28.953033341674427,-5.087059286540441,512,1.9798548576677786,0.17177346721947698,8.676063629321899
13,23,12,16,2.1522451356645385,28.9529238644096,-5.087059286540441,512,1.9798548576677786,0.17177346721947698,8.676063629321899
13,23,12,17,2.0130789541722147,26.918102623714766,-5.087059286540441,512,1.9798548576677786,0.17177346721947698,8.676063629321899
13,23,12,18,2.0130789541722147,26.918102623714766,-5.087059286540441,512,1.9798548576677786,0.17177346721947698,8.676063629321899
13,24,8,14,1.972334421736754,26.525331768394466,-6.196724257353992,512,1.9798548576677786,0.17177346721947698,8.676063629321899
13,24,8,15,2.023068416669292,27.214620995749538,-6.196724257353992,515,1.9798548576677786,0.17177346721947698,8.676063629321899
13,24,8,16,2.041475446885853,27.527979710316195,-6.196724257353992,515,1.9798548576677786,0.17177346721947698,8.676063629321899
13,24,8,17,1.9021219005228376,25.49315846962137,-6.196724257353992,515,1.9798548576677786,0.17177346721947698,8.676063629321899
13,24,8,18,1.9021219005228376,25.49315846962137,-6.196724257353992,515,1.9798548576677786,0.17177346721947698,8.676063629321899
13,24,9,14,1.972408804385622,26.526171967026247,-6.196724257353992,512,1.9798548576677786,0.17177346721947698,8.676063629321899
13,24,9,15,2.023068416669292,27.214620995749538,-6.196724257353992,515,1.9798548576677786,0.17177346721947698,8.676063629321899
13,24,9,16,2.0230600198768873,27.214511518484684,-6.196724257353992,515,1.9798548576677786,0.17177346721947698,8.676063629321899
13,24,9,17,1.9021219005228376,25.49315846962137,-6.196724257353992,515,1.9798548576677786,0.17177346721947698,8.676063629321899
13,24,9,18,1.9021219005228376,25.49315846962137,-6.196724257353992,515,1.9798548576677786,0.17177346721947698,8.676063629321899
13,24,10,14,1.972408804385622,26.526171967026247,-6.196724257353992,512,1.9798548576677786,0.17177346721947698,8.676063629321899
13,24,10,15,2.023068416669292,27.214620995749538,-6.196724257353992,515,1.9798548576677786,0.17177346721947698,8.676063629321899
13,24,10,16,2.0230600198768873,27.214511518484684,-6.196724257353992,515,1.9798548576677786,0.17177346721947698,8.676063629321899
13,24,10,17,1.8833515447908444,25.179690277789856,-6.196724257353992,515,1.9798548576677786,0.17177346721947698,8.676063629321899
13,24,10,18,1.8833515447908444,25.179690277789856,-6.196724257353992,515,1.9798548576677786,0.17177346721947698,8.676063629321899
13,24,11,14,1.9337710743347705,26.003782665118933,-6.196724257353992,515,1.9798548576677786,0.17177346721947698,8.676063629321899
13,24,11,15,2.0229934362330315,27.213294951448262,-6.196724257353992,515,1.9798548576677786,0.17177346721947698,8.676063629321899
13,24,11,16,2.0229850393288964,27.213185474183412,-6.196724257353992,515,1.9798548576677786,0.17177346721947698,8.676063629321899
13,24,11,17,1.883274888966399,25.17836423348858,-6.196724257353992,515,1.9798548576677786,0.17177346721947698,8.676063629321899
13,24,11,18,1.883274888966399,25.17836423348858,-6.196724257353992,515,1.9798548576677786,0.17177346721947698,8.676063629321899
13,24,12,14,2.0229934362330315,27.213294951448262,-6.196724257353992,515,1.9798548576677786,0.17177346721947698,8.676063629321899
13,24,12,15,2.0229934362330315,27.213294951448262,-6.196724257353992,515,1.9798548576677786,0.17177346721947698,8.676063629321899
13,24,12,16,2.0229850393288964,27.213185474183412,-6.196724257353992,515,1.9798548576677786,0.17177346721947698,8.676063629321899
13,24,12,17,1.883274888966399,25.17836423348858,-6.196724257353992,515,1.9798548576677786,0.17177346721947698,8.676063629321899
13,24,12,18,1.883274888966399,25.17836423348858,-6.196724257353992,515,1.9798548576677786,0.17177346721947698,8.676063629321899
13,25,8,14,1.8856187853611683,25.313102078566764,-6.196724257353992,512,1.9798548576677786,0.17177346721947698,8.676063629321899
13,25,8,15,1.936404507992522,26.002391305921858,-6.196724257353992,515,1.9798548576677786,0.17177346721947698,8.676063629321899
13,25,8,16,1.9549626384524532,26.315750020488494,-6.196724257353992,515,1.9798548576677786,0.17177346721947698,8.676063629321899
13,25,8,17,1.814815138733565,24.28092877979364,-6.196724257353992,515,1.9798548576677786,0.17177346721947698,8.676063629321899
13,25,8,18,1.814815138733565,24.28092877979364,-6.196724257353992,515,1.9798548576677786,0.17177346721947698,8.676063629321899
13,25,9,14,1.8856926029553172,25.313942277198542,-6.196724257353992,512,1.9798548576677786,0.17177346721947698,8.676063629321899
13,25,9,15,1.936404507992522,26.002391305921858,-6.196724257353992,515,1.9798548576677786,0.17177346721947698,8.676063629321899
13,25,9,16,1.9363961037251234,26.002281828657004,-6.196724257353992,515,1.9798548576677786,0.17177346721947698,8.676063629321899
13,25,9,17,1.814815138733565,24.28092877979364,-6.196724257353992,515,1.9798548576677786,0.17177346721947698,8.676063629321899
13,25,9,18,1.814815138733565,24.28092877979364,-6.196724257353992,515,1.9798548576677786,0.17177346721947698,8.676063629321899
13,25,10,14,1.8856926029553172,25.313942277198542,-6.196724257353992,512,1.9798548576677786,0.17177346721947698,8.676063629321899
13,25,10,15,1.936404507992522,26.002391305921858,-6.196724257353992,515,1.9798548576677786,0.17177346721947698,8.676063629321899
13,25,10,16,1.9363961037251234,26.002281828657004,-6.196724257353992,515,1.9798548576677786,0.17177346721947698,8.676063629321899
13,25,10,17,1.7958878523237454,23.96746058796215,-6.196724257353992,515,1.9798548576677786,0.17177346721947698,8.676063629321899
13,25,10,18,1.7958878523237454,23.96746058796215,-6.196724257353992,515,1.9798548576677786,0.17177346721947698,8.676063629321899
13,25,11,14,1.846973340233119,24.791552975291232,-6.196724257353992,515,1.9798548576677786,0.17177346721947698,8.676063629321899
13,25,11,15,1.936328788224592,26.00106526162056,-6.196724257353992,515,1.9798548576677786,0.17177346721947698,8.676063629321899
13,25,11,16,1.9363203838449927,26.000955784355707,-6.196724257353992,515,1.9798548576677786,0.17177346721947698,8.676063629321899
13,25,11,17,1.795810425502458,23.96613454366088,-6.196724257353992,515,1.9798548576677786,0.17177346721947698,8.676063629321899
13,25,11,18,1.795810425502458,23.96613454366088,-6.196724257353992,515,1.9798548576677786,0.17177346721947698,8.676063629321899
13,25,12,14,1.936328788224592,26.00106526162056,-6.196724257353992,515,1.9798548576677786,0.17177346721947698,8.676063629321899
13,25,12,15,1.936328788224592,26.00106526162056,-6.196724257353992,515,1.9798548576677786,0.17177346721947698,8.676063629321899
13,25,12,16,1.9363203838449927,26.000955784355707,-6.196724257353992,515,1.9798548576677786,0.17177346721947698,8.676063629321899
13,25,12,17,1.795810425502458,23.96613454366088,-6.196724257353992,515,1.9798548576677786,0.17177346721947698,8.676063629321899
13,25,12,18,1.795810425502458,23.96613454366088,-6.196724257353992,515,1.9798548576677786,0.17177346721947698,8.676063629321899
14,21,8,14,1.6628142076066226,21.871560164557735,-7.598209962991498,497,1.9798548576677786,0.17177346721947698,8.676063629321899
14,21,8,15,1.7145656006138026,22.560849391912807,-7.598209962991498,500,1.9798548576677786,0.17177346721947698,8.676063629321899
14,21,8,16,1.7338997840065395,22.874208106479465,-7.598209962991498,500,1.9798548576677786,0.17177346721947698,8.676063629321899
14,21,8,17,1.7338997840065395,22.874208106479465,-7.598209962991498,500,1.9798548576677786,0.17177346721947698,8.676063629321899
14,21,8,18,1.7338997840065395,22.874208106479465,-7.598209962991498,500,1.9798548576677786,0.17177346721947698,8.676063629321899
14,21,9,14,1.6628882872629318,21.872400363189538,-7.598209962991498,497,1.9798548576677786,0.17177346721947698,8.676063629321899
14,21,9,15,1.7145656006138026,22.560849391912807,-7.598209962991498,500,1.9798548576677786,0.17177346721947698,8.676063629321899
14,21,9,16,1.7145570319269992,22.560739914647975,-7.598209962991498,500,1.9798548576677786,0.17177346721947698,8.676063629321899
14,21,9,17,1.7338997840065395,22.874208106479465,-7.598209962991498,500,1.9798548576677786,0.17177346721947698,8.676063629321899
14,21,9,18,1.7338997840065395,22.874208106479465,-7.598209962991498,500,1.9798548576677786,0.17177346721947698,8.676063629321899
14,21,10,14,1.6628882872629318,21.872400363189538,-7.598209962991498,497,1.9798548576677786,0.17177346721947698,8.676063629321899
14,21,10,15,1.7145656006138026,22.560849391912807,-7.598209962991498,500,1.9798548576677786,0.17177346721947698,8.676063629321899
14,21,10,16,1.7145570319269992,22.560739914647975,-7.598209962991498,500,1.9798548576677786,0.17177346721947698,8.676063629321899
14,21,10,17,1.7145570319269992,22.560739914647975,-7.598209962991498,500,1.9798548576677786,0.17177346721947698,8.676063629321899
14,21,10,18,1.7145570319269992,22.560739914647975,-7.598209962991498,500,1.9798548576677786,0.17177346721947698,8.676063629321899
14,21,11,14,1.6232916117896514,21.350011061282224,-7.598209962991498,500,1.9798548576677786,0.17177346721947698,8.676063629321899
14,21,11,15,1.7144863662678524,22.55952334761153,-7.598209962991498,500,1.9798548576677786,0.17177346721947698,8.676063629321899
14,21,11,16,1.7144777974670788,22.559413870346678,-7.598209962991498,500,1.9798548576677786,0.17177346721947698,8.676063629321899
14,21,11,17,1.7144777974670788,22.559413870346678,-7.598209962991498,500,1.9798548576677786,0.17177346721947698,8.676063629321899
14,21,11,18,1.7144777974670788,22.559413870346678,-7.598209962991498,500,1.9798548576677786,0.17177346721947698,8.676063629321899
14,21,12,14,1.7144863662678524,22.55952334761153,-7.598209962991498,500,1.9798548576677786,0.17177346721947698,8.676063629321899
14,21,12,15,1.7144863662678524,22.55952334761153,-7.598209962991498,500,1.9798548576677786,0.17177346721947698,8.676063629321899
14,21,12,16,1.7144777974670788,22.559413870346678,-7.598209962991498,500,1.9798548576677786,0.17177346721947698,8.676063629321899
14,21,12,17,1.7144777974670788,22.559413870346678,-7.598209962991498,500,1.9798548576677786,0.17177346721947698,8.676063629321899
14,21,12,18,1.7144777974670788,22.559413870346678,-7.598209962991498,500,1.9798548576677786,0.17177346721947698,8.676063629321899
14,22,8,14,1.6628142076066226,21.871560164557735,-7.598209962991498,497,1.9798548576677786,0.17177346721947698,8.676063629321899
14,22,8,15,1.7145656006138026,22.560849391912807,-7.598209962991498,500,1.9798548576677786,0.17177346721947698,8.676063629321899
14,22,8,16,1.7338997840065395,22.874208106479465,-7.598209962991498,500,1.9798548576677786,0.17177346721947698,8.676063629321899
14,22,8,17,1.7338997840065395,22.874208106479465,-7.598209962991498,500,1.9798548576677786,0.17177346721947698,8.676063629321899
14,22,8,18,1.7338997840065395,22.874208106479465,-7.598209962991498,500,1.9798548576677786,0.17177346721947698,8.676063629321899
14,22,9,14,1.6628882872629318,21.872400363189538,-7.598209962991498,497,1.9798548576677786,0.17177346721947698,8.676063629321899
14,22,9,15,1.7145656006138026,22.560849391912807,-7.598209962991498,500,1.9798548576677786,0.17177346721947698,8.676063629321899
14,22,9,16,1.7145570319269992,22.560739914647975,-7.598209962991498,500,1.9798548576677786,0.17177346721947698,8.676063629321899
14,22,9,17,1.7338997840065395,22.874208106479465,-7.598209962991498,500,1.9798548576677786,0.17177346721947698,8.676063629321899
14,22,9,18,1.7338997840065395,22.874208106479465,-7.598209962991498,500,1.9798548576677786,0.17177346721947698,8.676063629321899
14,22,10,14,1.6628882872629318,21.872400363189538,-7.598209962991498,497,1.9798548576677786,0.17177346721947698,8.676063629321899
14,22,10,15,1.7145656006138026,22.560849391912807,-7.598209962991498,500,1.9798548576677786,0.17177346721947698,8.676063629321899
14,22,10,16,1.7145570319269992,22.560739914647975,-7.598209962991498,500,1.9798548576677786,0.17177346721947698,8.676063629321899
14,22,10,17,1.7145570319269992,22.560739914647975,-7.598209962991498,500,1.9798548576677786,0.17177346721947698,8.676063629321899
14,22,10,18,1.7145570319269992,22.560739914647975,-7.598209962991498,500,1.9798548576677786,0.17177346721947698,8.676063629321899
14,22,11,14,1.6232916117896514,21.350011061282224,-7.598209962991498,500,1.9798548576677786,0.17177346721947698,8.676063629321899
14,22,11,15,1.7144863662678524,22.55952334761153,-7.598209962991498,500,1.9798548576677786,0.17177346721947698,8.676063629321899
14,22,11,16,1.7144777974670788,22.559413870346678,-7.598209962991498,500,1.9798548576677786,0.17177346721947698,8.676063629321899
14,22,11,17,1.7144777974670788,22.559413870346678,-7.598209962991498,500,1.9798548576677786,0.17177346721947698,8.676063629321899
14,22,11,18,1.7144777974670788,22.559413870346678,-7.598209962991498,500,1.9798548576677786,0.17177346721947698,8.676063629321899
14,22,12,14,1.7144863662678524,22.55952334761153,-7.598209962991498,500,1.9798548576677786,0.17177346721947698,8.676063629321899
14,22,12,15,1.7144863662678524,22.55952334761153,-7.598209962991498,500,1.9798548576677786,0.17177346721947698,8.676063629321899
14,22,12,16,1.7144777974670788,22.559413870346678,-7.598209962991498,500,1.9798548576677786,0.17177346721947698,8.676063629321899
14,22,12,17,1.7144777974670788,22.559413870346678,-7.598209962991498,500,1.9798548576677786,0.17177346721947698,8.676063629321899
14,22,12,18,1.7144777974670788,22.559413870346678,-7.598209962991498,500,1.9798548576677786,0.17177346721947698,8.676063629321899
14,23,8,14,1.8059833402789893,23.906381405252585,-7.598209962991498,497,1.9798548576677786,0.17177346721947698,8.676063629321899
14,23,8,15,1.8575772872744918,24.595670632607657,-7.598209962991498,500,1.9798548576677786,0.17177346721947698,8.676063629321899
14,23,8,16,1.8765363831755868,24.909029347174293,-7.598209962991498,500,1.9798548576677786,0.17177346721947698,8.676063629321899
14,23,8,17,1.7338997840065395,22.874208106479465,-7.598209962991498,500,1.9798548576677786,0.17177346721947698,8.676063629321899
14,23,8,18,1.7338997840065395,22.874208106479465,-7.598209962991498,500,1.9798548576677786,0.17177346721947698,8.676063629321899
14,23,9,14,1.8060581987908992,23.907221603884366,-7.598209962991498,497,1.9798548576677786,0.17177346721947698,8.676063629321899
14,23,9,15,1.8575772872744918,24.595670632607657,-7.598209962991498,500,1.9798548576677786,0.17177346721947698,8.676063629321899
14,23,9,16,1.8575687483446741,24.595561155342804,-7.598209962991498,500,1.9798548576677786,0.17177346721947698,8.676063629321899
14,23,9,17,1.7338997840065395,22.874208106479465,-7.598209962991498,500,1.9798548576677786,0.17177346721947698,8.676063629321899
14,23,9,18,1.7338997840065395,22.874208106479465,-7.598209962991498,500,1.9798548576677786,0.17177346721947698,8.676063629321899
14,23,10,14,1.8060581987908992,23.907221603884366,-7.598209962991498,497,1.9798548576677786,0.17177346721947698,8.676063629321899
14,23,10,15,1.8575772872744918,24.595670632607657,-7.598209962991498,500,1.9798548576677786,0.17177346721947698,8.676063629321899
14,23,10,16,1.8575687483446741,24.595561155342804,-7.598209962991498,500,1.9798548576677786,0.17177346721947698,8.676063629321899
14,23,10,17,1.7145570319269992,22.560739914647975,-7.598209962991498,500,1.9798548576677786,0.17177346721947698,8.676063629321899
14,23,10,18,1.7145570319269992,22.560739914647975,-7.598209962991498,500,1.9798548576677786,0.17177346721947698,8.676063629321899
14,23,11,14,1.7666902557779203,23.38483230197703,-7.598209962991498,500,1.9798548576677786,0.17177346721947698,8.676063629321899
14,23,11,15,1.8574998338209732,24.594344588306384,-7.598209962991498,500,1.9798548576677786,0.17177346721947698,8.676063629321899
14,23,11,16,1.8574912947767217,24.594235111041527,-7.598209962991498,500,1.9798548576677786,0.17177346721947698,8.676063629321899
14,23,11,17,1.7144777974670788,22.559413870346678,-7.598209962991498,500,1.9798548576677786,0.17177346721947698,8.676063629321899
14,23,11,18,1.7144777974670788,22.559413870346678,-7.598209962991498,500,1.9798548576677786,0.17177346721947698,8.676063629321899
14,23,12,14,1.8574998338209732,24.594344588306384,-7.598209962991498,500,1.9798548576677786,0.17177346721947698,8.676063629321899
14,23,12,15,1.8574998338209732,24.594344588306384,-7.598209962991498,500,1.9798548576677786,0.17177346721947698,8.676063629321899
14,23,12,16,1.8574912947767217,24.594235111041527,-7.598209962991498,500,1.9798548576677786,0.17177346721947698,8.676063629321899
14,23,12,17,1.7144777974670788,22.559413870346678,-7.598209962991498,500,1.9798548576677786,0.17177346721947698,8.676063629321899
14,23,12,18,1.7144777974670788,22.559413870346678,-7.598209962991498,500,1.9798548576677786,0.17177346721947698,8.676063629321899
14,24,8,14,1.7130356477024615,22.698013255964035,-8.709070712943968,497,1.9798548576677786,0.17177346721947698,8.676063629321899
14,24,8,15,1.7646072716937145,23.38730248331913,-8.709070712943968,500,1.9798548576677786,0.17177346721947698,8.676063629321899
14,24,8,16,1.7837133062357202,23.700661197885765,-8.709070712943968,500,1.9798548576677786,0.17177346721947698,8.676063629321899
14,24,8,17,1.6409019570685168,21.665839957190958,-8.709070712943968,500,1.9798548576677786,0.17177346721947698,8.676063629321899
14,24,8,18,1.6409019570685168,21.665839957190958,-8.709070712943968,500,1.9798548576677786,0.17177346721947698,8.676063629321899
14,24,9,14,1.7131098996566674,22.698853454595834,-8.709070712943968,497,1.9798548576677786,0.17177346721947698,8.676063629321899
14,24,9,15,1.7646072716937145,23.38730248331913,-8.709070712943968,500,1.9798548576677786,0.17177346721947698,8.676063629321899
14,24,9,16,1.7645987674242771,23.387193006054275,-8.709070712943968,500,1.9798548576677786,0.17177346721947698,8.676063629321899
14,24,9,17,1.6409019570685168,21.665839957190958,-8.709070712943968,500,1.9798548576677786,0.17177346721947698,8.676063629321899
14,24,9,18,1.6409019570685168,21.665839957190958,-8.709070712943968,500,1.9798548576677786,0.17177346721947698,8.676063629321899
14,24,10,14,1.7131098996566674,22.698853454595834,-8.709070712943968,497,1.9798548576677786,0.17177346721947698,8.676063629321899
14,24,10,15,1.7646072716937145,23.38730248331913,-8.709070712943968,500,1.9798548576677786,0.17177346721947698,8.676063629321899
14,24,10,16,1.7645987674242771,23.387193006054275,-8.709070712943968,500,1.9798548576677786,0.17177346721947698,8.676063629321899
14,24,10,17,1.6214072139826579,21.352371765359468,-8.709070712943968,500,1.9798548576677786,0.17177346721947698,8.676063629321899
14,24,10,18,1.6214072139826579,21.352371765359468,-8.709070712943968,500,1.9798548576677786,0.17177346721947698,8.676063629321899
14,24,11,14,1.6738392345760031,22.176464152688524,-8.709070712943968,500,1.9798548576677786,0.17177346721947698,8.676063629321899
14,24,11,15,1.7645290429093634,23.38597643901783,-8.709070712943968,500,1.9798548576677786,0.17177346721947698,8.676063629321899
14,24,11,16,1.7645205385268212,23.385866961752978,-8.709070712943968,500,1.9798548576677786,0.17177346721947698,8.676063629321899
14,24,11,17,1.6213271789980097,21.35104572105817,-8.709070712943968,500,1.9798548576677786,0.17177346721947698,8.676063629321899
14,24,11,18,1.6213271789980097,21.35104572105817,-8.709070712943968,500,1.9798548576677786,0.17177346721947698,8.676063629321899
14,24,12,14,1.7645290429093634,23.38597643901783,-8.709070712943968,500,1.9798548576677786,0.17177346721947698,8.676063629321899
14,24,12,15,1.7645290429093634,23.38597643901783,-8.709070712943968,500,1.9798548576677786,0.17177346721947698,8.676063629321899
14,24,12,16,1.7645205385268212,23.385866961752978,-8.709070712943968,500,1.9798548576677786,0.17177346721947698,8.676063629321899
14,24,12,17,1.6213271789980097,21.35104572105817,-8.709070712943968,500,1.9798548576677786,0.17177346721947698,8.676063629321899
14,24,12,18,1.6213271789980097,21.35104572105817,-8.709070712943968,500,1.9798548576677786,0.17177346721947698,8.676063629321899
14,25,8,14,1.5861361201191693,20.954413325198693,-8.709070712943968,500,1.9798548576677786,0.17177346721947698,8.676063629321899
14,25,8,15,1.6377523036219352,21.64370255255379,-8.709070712943968,503,1.9798548576677786,0.17177346721947698,8.676063629321899
14,25,8,16,1.6571404662189844,21.957061267120427,-8.709070712943968,503,1.9798548576677786,0.17177346721947698,8.676063629321899
14,25,8,17,1.513292788536417,19.922240026425598,-8.709070712943968,503,1.9798548576677786,0.17177346721947698,8.676063629321899
14,25,8,18,1.513292788536417,19.922240026425598,-8.709070712943968,503,1.9798548576677786,0.17177346721947698,8.676063629321899
14,25,9,14,1.586209454658841,20.955253523830496,-8.709070712943968,500,1.9798548576677786,0.17177346721947698,8.676063629321899
14,25,9,15,1.6377523036219352,21.64370255255379,-8.709070712943968,503,1.9798548576677786,0.17177346721947698,8.676063629321899
14,25,9,16,1.6377438040857728,21.643593075288937,-8.709070712943968,503,1.9798548576677786,0.17177346721947698,8.676063629321899
14,25,9,17,1.513292788536417,19.922240026425598,-8.709070712943968,503,1.9798548576677786,0.17177346721947698,8.676063629321899
14,25,9,18,1.513292788536417,19.922240026425598,-8.709070712943968,503,1.9798548576677786,0.17177346721947698,8.676063629321899
14,25,10,14,1.586209454658841,20.955253523830496,-8.709070712943968,500,1.9798548576677786,0.17177346721947698,8.676063629321899
14,25,10,15,1.6377523036219352,21.64370255255379,-8.709070712943968,503,1.9798548576677786,0.17177346721947698,8.676063629321899
14,25,10,16,1.6377438040857728,21.643593075288937,-8.709070712943968,503,1.9798548576677786,0.17177346721947698,8.676063629321899
14,25,10,17,1.4935079217353877,19.60877183459411,-8.709070712943968,503,1.9798548576677786,0.17177346721947698,8.676063629321899
14,25,10,18,1.4935079217353877,19.60877183459411,-8.709070712943968,503,1.9798548576677786,0.17177346721947698,8.676063629321899
14,25,11,14,1.5468771523731257,20.432864221923165,-8.709070712943968,503,1.9798548576677786,0.17177346721947698,8.676063629321899
14,25,11,15,1.6376726918845155,21.642376508252493,-8.709070712943968,503,1.9798548576677786,0.17177346721947698,8.676063629321899
14,25,11,16,1.637664192236354,21.64226703098764,-8.709070712943968,503,1.9798548576677786,0.17177346721947698,8.676063629321899
14,25,11,17,1.4934264612088208,19.60744579029281,-8.709070712943968,503,1.9798548576677786,0.17177346721947698,8.676063629321899
14,25,11,18,1.4934264612088208,19.60744579029281,-8.709070712943968,503,1.9798548576677786,0.17177346721947698,8.676063629321899
14,25,12,14,1.6376726918845155,21.642376508252493,-8.709070712943968,503,1.9798548576677786,0.17177346721947698,8.676063629321899
14,25,12,15,1.6376726918845155,21.642376508252493,-8.709070712943968,503,1.9798548576677786,0.17177346721947698,8.676063629321899
14,25,12,16,1.637664192236354,21.64226703098764,-8.709070712943968,503,1.9798548576677786,0.17177346721947698,8.676063629321899
14,25,12,17,1.4934264612088208,19.60744579029281,-8.709070712943968,503,1.9798548576677786,0.17177346721947698,8.676063629321899
14,25,12,18,1.4934264612088208,19.60744579029281,-8.709070712943968,503,1.9798548576677786,0.17177346721947698,8.676063629321899
