iteration,sharpe,return,max_dd
1,-0.1012753721700629,-0.8266055876989364,-0.05354738928497327
2,0.4064219275379721,2.3633313426466795,-0.0429329080163775
3,-0.9788252821576844,-7.17309186962275,-0.11301457749431287
4,0.6582739090713656,4.340228780217359,-0.05715078863933343
5,0.5983649192513216,4.110623708618433,-0.04318587115482586
6,-0.12731461590028711,-0.8478784168685527,-0.06148403061697605
7,0.5737411536317367,3.565313953868987,-0.03966605931171563
8,-0.9557025074992558,-6.589463745385671,-0.10280391479528894
9,-1.2862755324831099,-9.37274145601612,-0.15176578449708644
10,-0.7369915889763958,-4.338705647471164,-0.07127472514041189
11,0.14712814032238936,0.9109601710713067,-0.0616593332242924
12,0.9133047089858098,6.101690008731397,-0.05474719820088003
13,0.04604683292846468,0.19176784019905302,-0.06881717476553306
14,-0.1886796500769031,-1.2996922408861078,-0.08199206026520367
15,0.1601207941286135,0.9817371087401217,-0.07786360057585917
16,0.4230054158081359,2.943028173126594,-0.049591721385218945
17,-0.8463783295653993,-5.10055493127134,-0.08628133376021863
18,-0.4864528113413708,-3.497339400978583,-0.09570180302687048
19,-0.32710926319663824,-2.2099506315625517,-0.05827257984277201
20,-1.1411270196410117,-8.129760138250418,-0.0948499942838158
21,0.3242261587145547,2.042427461795948,-0.05446432293192305
22,0.6490667354478502,4.030892328407321,-0.03107493962650343
23,-0.1564497851866976,-1.0163001465999133,-0.044737563981946615
24,-0.021707280231533285,-0.274283851296242,-0.07018608880251587
25,0.66700967920572,4.086368443452337,-0.06012894629793253
26,1.0059283598656847,6.690081327297692,-0.03778589355314632
27,-0.6250631210782421,-4.449538219334503,-0.07027220483210928
28,0.7209487232868466,4.415205040388903,-0.038888761631597824
29,0.2589930534527766,1.5707573247728313,-0.040147063189881815
30,0.2091891505231452,1.1981555259995558,-0.04194917012180077
31,0.7139962019255487,4.712953875440307,-0.06526482834771308
32,0.8713300885347643,5.5620705554205285,-0.06399373462361801
33,0.22264801034262813,1.4162758006792675,-0.06456881738529785
34,-0.3558265456529591,-2.798248095192779,-0.10986358336777158
35,-0.38941386588393206,-2.4370212036785466,-0.0602595918820531
36,1.0759454276055478,6.406258079828908,-0.052870498676657274
37,-0.3559187536416882,-2.679330587563511,-0.07648407493615683
38,-0.08095477334743335,-0.6868853287337551,-0.07430331380318622
39,0.6551134833052686,3.8414085984239454,-0.04379059607567981
40,-0.6213427495542869,-4.001783961788008,-0.08388423999182248
41,-0.49509420802581794,-3.6585838844810814,-0.09590865125290571
42,0.22074495358691176,1.2063483451913326,-0.05466285961764472
43,-0.26978450538686577,-1.936651151770552,-0.07837773106719359
44,-0.15625860661913,-1.0749280136299388,-0.05283686546899857
45,-0.9356170366021808,-6.175613278967851,-0.09326873961237336
46,0.16177821029748407,0.8446027909109866,-0.06560684987816401
47,-0.45381870220868487,-3.137733821064592,-0.11750500153148147
48,0.5765540505743001,3.370198416901471,-0.04267590944008903
49,1.3346040909606298,8.541179477603933,-0.04269296154716873
50,1.036940760312878,7.064178358289364,-0.05195541278913607
51,-0.043649693142060186,-0.3878287965270122,-0.05009704273334792
52,1.3610926098443201,8.316418262815573,-0.033022716546252995
53,-1.104218472925926,-7.634093090789973,-0.12256214656164144
54,0.43288872097386993,2.6926492396657453,-0.05295118248978847
55,0.17417817944122177,0.9703083338245877,-0.04756696708268493
56,-0.2317711148226796,-1.5838639485698525,-0.0648312339524002
57,0.3837174139808808,2.5086773637325255,-0.060277695917806295
58,-0.203243276077212,-1.297901371283694,-0.07643108479475069
59,0.4999041914025218,3.098794619995271,-0.048876439542193895
60,-1.0895080515291036,-7.473043218749376,-0.09932717043355421
61,-0.018360103970098015,-0.2241435020910676,-0.0769130776241862
62,0.9520602322457842,6.7886937018648785,-0.04526419454575714
63,0.7256040185485166,4.487292880010396,-0.04593311189243621
64,-0.12141810102737156,-0.9296774995796842,-0.06740179545629077
65,-0.1665117756856955,-1.1188272176320457,-0.07065396785489764
66,-0.2839788875855054,-1.8360752057710816,-0.062117217002441105
67,0.541676531384569,3.590934243007271,-0.05469378200337005
68,-0.8774293651946891,-5.9667745507038905,-0.12245426914822555
69,-0.20656563674798634,-1.3193209347495016,-0.04593048675830158
70,-0.45464392803838244,-3.0644707614716937,-0.0842212296217063
71,0.530352560205251,3.6779956081512077,-0.057548257731750097
72,-0.5191239080745144,-3.567213015463455,-0.07717560483002539
73,-0.6215405128974018,-4.266655326597013,-0.06795445426031643
74,0.7235102326046431,4.7537469819658895,-0.04992396595657733
75,0.4934407932957029,2.9448705440470846,-0.045411133535616655
76,-1.0540173304329468,-7.582646594921538,-0.1041943514909538
77,-0.5833580828380657,-4.518306698349839,-0.09733845576088762
78,0.020082524667267843,0.015535144693590297,-0.05960493175431891
79,0.3032605475261669,1.731580669872379,-0.05616655461185083
80,-0.8924298494701793,-6.330424384178935,-0.11866231040727881
81,0.5379802433549973,3.579663581838899,-0.045027127834281755
82,0.9575308739101297,5.411028805462914,-0.06559509620839954
83,-0.6465648721761171,-4.490160260869924,-0.10221676767843613
84,-0.3946829699117274,-2.7489134465244924,-0.06893597134382634
85,-0.02779960239773831,-0.23813064461626343,-0.050100646888592615
86,-0.6112548955256112,-4.286255411876683,-0.06645309192590698
87,0.17938148845603502,1.110959656754451,-0.051343447749601645
88,1.2800284425810804,7.458606431337977,-0.029879838616024057
89,0.48215321002443434,3.100376223836254,-0.05580140883655671
90,-0.2137493506110809,-1.4402086292954697,-0.0647397481999139
91,0.1624910990999223,0.9850024167150195,-0.04513528237305231
92,0.5493975516445144,3.773043008356325,-0.04576852328279857
93,-0.12823955388319752,-0.8933016901126023,-0.04023085771037971
94,0.4138760002533563,2.474778210425188,-0.0711112372924777
95,0.5324661183647045,3.601780157931511,-0.042916363519031164
96,-0.0441356567004093,-0.40322117065683116,-0.08426955124213287
97,-0.384728505548607,-2.535064119614039,-0.07053270171673376
98,-0.030949960568512444,-0.3374407135214086,-0.06681778162910867
99,-0.6259193726682617,-4.55372034494882,-0.09900650264301525
100,0.01978264612787998,0.020631024401618347,-0.04534669924222212
101,-0.736361252228068,-5.279575261065861,-0.0972089095157409
102,-0.7396544555857629,-4.550825339686049,-0.08814714334309903
103,-0.49719032750509035,-3.405642506916262,-0.06144580337215921
104,0.49981983388977996,3.048074318831384,-0.04053140788073073
105,-0.12392399069752107,-0.8438471264489045,-0.0687252156735153
106,0.22145148204876083,1.2772187828971715,-0.05319829852981284
107,0.12655726748315366,0.7166838552763233,-0.05733980779499859
108,0.08461154411250062,0.4341009159168241,-0.07640402191945783
109,-0.7984752804476932,-5.574728259976968,-0.0733206184960844
110,-0.33006007047864305,-1.923800879686055,-0.07051005089795204
111,0.35248239946958354,2.3808005428695544,-0.05481042336607811
112,-0.7544374472017484,-5.832454497887918,-0.09422821709515139
113,-0.294841224434541,-1.957363488628383,-0.07936215426265048
114,0.19346876030416463,1.2040316819341035,-0.06365619154932345
115,-0.3146160939022995,-1.8629128794676375,-0.08177249881461712
116,0.22904254424509832,1.3952202060003138,-0.05116423409481807
117,0.38627059285815857,2.27063290202989,-0.049275024565769376
118,-0.18186270873665977,-1.3220647737411828,-0.05533749267019361
119,-0.2978798148525985,-2.2159767289436583,-0.05553237045571213
120,0.5612176523836083,3.8036937261354486,-0.0471281637358113
121,-0.2311642375960534,-1.6702073762093872,-0.08438127719299471
122,0.5120871310244824,3.2667540281618335,-0.053889077613716085
123,-0.58057586393615,-3.991990081081609,-0.08166495930201012
124,0.006690363200641763,-0.10229045250030877,-0.07457500959298602
125,-0.9621276647073593,-6.901283161156712,-0.09619912251411789
126,0.6217558418835828,4.248406719023534,-0.06554585297180093
127,-0.35990679732296976,-2.358005384269257,-0.08466437902881607
128,1.165606898734717,7.750364672212107,-0.04368864193419564
129,-0.3261665669762594,-2.1405746457762165,-0.04899953590434081
130,0.31170411058937547,1.9029834925835765,-0.0994888317877598
131,-0.342821305632692,-2.6024734872009736,-0.10585547612076329
132,0.48110808025059315,2.8747154788023366,-0.04810846189810025
133,0.07615571877243058,0.37598464358574724,-0.053083195426172014
134,1.156298384401072,7.4240349707966224,-0.04559762889471419
135,1.0220521106233809,6.642760443371443,-0.04747221370409216
136,0.11410021004239525,0.6569641613912713,-0.04098563242748088
137,0.5203437816913282,3.0907700952321093,-0.06427798225414305
138,0.7640777443696726,5.426416766732189,-0.04759626162389585
139,-0.33485819796162236,-2.4244656347432447,-0.09163147172040953
140,0.6163463616268804,3.764242857552169,-0.05362737316698274
141,0.33527400133426355,2.072049886152083,-0.04711596326599743
142,-0.7465753104240027,-4.281911018116258,-0.08925856185962355
143,-0.38340671736093374,-2.9875194496409185,-0.06457917597914942
144,1.4169183812049024,8.401988104582458,-0.025639338278510393
145,1.3467183908340143,8.865633747835155,-0.034521195277163574
146,0.6926962251965858,4.436036548537237,-0.042542948667588565
147,-0.4007479944300573,-3.1032791856803854,-0.08355911101933922
148,0.28754331353001755,1.8073343838515887,-0.05824614406220452
149,0.9212839282348249,5.890922369715579,-0.0430783288117218
150,-0.14643339833178595,-0.9957405673995723,-0.0672069982185729
151,0.2654213625055722,1.568719946326702,-0.06808045025289555
152,0.10612940508275157,0.6057237704258478,-0.056391201934387736
153,0.0011660125808147595,-0.09247804641270285,-0.06456713218766019
154,-0.7021462478544512,-4.563521483964417,-0.10593561044281552
155,-0.5222895430650701,-3.596910936033859,-0.06704093368185249
156,-0.2773364488193822,-1.817540270856588,-0.09637616380323255
157,0.6704011604521819,4.492847577396164,-0.045190821700271444
158,0.1359499180590995,0.7987390009540185,-0.07217031514342453
159,-0.9122537065090331,-6.130661390705317,-0.11192248426314211
160,0.49396120349999534,3.4584574522130707,-0.07030902893000879
161,0.6291140325658153,3.9304249192405827,-0.044839566626106886
162,-0.30790355885058096,-2.1304386606358805,-0.06691053459461072
163,-0.6848661682021477,-4.092767532400177,-0.10537881367918644
164,0.20890976888784935,1.297748486645589,-0.05282833780189189
165,-0.0820877266180102,-0.6600115820843522,-0.06497750731998508
166,1.3675143633598212,8.684921585778781,-0.04481383690412244
167,-0.10135271192616442,-0.7225266847680878,-0.05134716342322565
168,-0.6827096285628044,-5.25115368247776,-0.10024505694485075
169,0.09064539980766788,0.4884774169746642,-0.05213767040554296
170,-0.8188286056419013,-6.077951819128302,-0.0811582953438219
171,0.8894569985074984,6.128744564262467,-0.05055924713886739
172,0.7514174324949492,4.846002709912289,-0.050587009201997435
173,-0.632195216428791,-4.1721103181697305,-0.08119009270794364
174,-0.22085487425301809,-1.4637758922845023,-0.05741336092382787
175,0.734209706938042,4.345479701387478,-0.06748781196355602
176,0.7847089482806323,5.060234332734503,-0.056632307372093904
177,0.6639282378790304,4.265644416402115,-0.06037665658539115
178,0.012019578915355652,-0.02989057886390034,-0.08262966241366398
179,0.22879789488717966,1.5382489902384444,-0.06637910057690599
180,0.29151001356577205,1.8746971534434165,-0.055440616386026265
181,-1.2431371627544896,-7.770429039143112,-0.10524298518200104
182,-0.583083948921331,-3.5165542491965573,-0.07066930504614688
183,-0.8219248432431583,-5.986407528696125,-0.10152353768849076
184,-0.4279696078607598,-2.997470737497554,-0.08873628958135737
185,-0.19045016936407508,-1.3612111404701865,-0.058629219053395576
186,-0.04411787894429508,-0.3744897967690619,-0.06720878084632753
187,-0.13087211369205928,-0.9294092933374687,-0.08028191409437202
188,0.3897215546590774,2.380461328192407,-0.04716199397175358
189,-0.4312780299892986,-3.4011252630565147,-0.11572887131672227
190,-0.3608388884143561,-2.5991998806458083,-0.0829080512553092
191,0.23038355884160003,1.471376823917292,-0.07851996945514816
192,1.480973410784195,10.903854462276996,-0.056821314268744594
193,-0.7986525840599001,-5.700419718581284,-0.1154951245653717
194,-0.6630228099798957,-4.5885305973525465,-0.07519335521179249
195,0.123393684226676,0.707268963478791,-0.07350525922824325
196,-0.05905189831055014,-0.528326215261643,-0.06777304318532595
197,-0.7837019709425286,-5.2266024407995655,-0.06563195729324789
198,-1.2821756396137132,-9.289073514638623,-0.13092450588555726
199,-0.7685338755676367,-5.906813721529636,-0.08062461972389234
200,1.1312524660163195,6.859890294791637,-0.04069866101625552
201,-1.0232972531150584,-6.470320771086713,-0.09327272762878469
202,1.229828773152548,7.884588563762418,-0.033971401346257535
203,-0.6757867510108816,-4.222457323859475,-0.07318965831765234
204,0.8789481621550226,5.391537343545161,-0.05517418459195533
205,-0.015440747375628092,-0.2334384389862998,-0.056169031331718355
206,0.7581738519824534,4.7499442317394225,-0.05536902702420876
207,-0.37765676496344447,-2.5179340703216258,-0.07305069835667222
208,-0.5445519460256297,-4.339130211153064,-0.09920371094810643
209,0.5984692068269375,3.9896957144298417,-0.05350286017946004
210,-1.3258390850658668,-8.836361545164307,-0.10894833969960571
211,0.24939372333436705,1.5356502696428853,-0.05813023925576166
212,-0.7563447689306233,-4.770468299453134,-0.07414690877362484
213,-0.21145429896057621,-1.5186905730974476,-0.06600339760606455
214,0.20450391087268388,1.1912892208040926,-0.06011165616885694
215,0.7052044499174637,4.418032217810386,-0.06327213968714507
216,-0.5798733517557724,-4.052468581917202,-0.10008430093838472
217,0.5616434443978912,3.489837763162451,-0.04497783477751105
218,-0.8321158578625651,-5.920270635919167,-0.08795149136392943
219,1.1248730181388795,7.161126553028918,-0.03383225061430517
220,0.534844382919657,3.2502196967508556,-0.05424530966277474
221,-0.9657031447771267,-6.557117387553157,-0.10122686788219082
222,-0.48910689128960605,-3.1343287161478606,-0.08446587543074613
223,-0.3898810882433987,-3.0120031648710577,-0.08010765196032099
224,0.0662785551352066,0.30419942106478803,-0.067370835512777
225,1.0143972145137774,6.355887795010351,-0.05413150545084755
226,0.6753349216960819,4.3443969478930144,-0.040135336332316696
227,0.3991855121232968,2.4858805311963383,-0.05054407815733175
228,0.750383795640617,4.867058978861483,-0.038972542513021624
229,0.4707261437573884,3.137617313210117,-0.055678539689988926
230,0.18484725850119782,1.2289641105139637,-0.08119733738447676
231,1.2082641305839545,8.26980209132222,-0.04887758271531861
232,-0.4253211843714828,-2.9591006186874824,-0.0697867939548047
233,0.24603580375184822,1.498747473381612,-0.0709878658051536
234,-1.5984225583344116,-10.808278967508922,-0.13159575192764295
235,-0.6960340155657855,-5.14107466336241,-0.08757434927558005
236,-0.362495762626662,-2.3395274032262936,-0.08413034470603853
237,-1.5642012696030643,-9.48061560448763,-0.1368167667183352
238,-0.8165363501323031,-6.263679013054513,-0.11650713087200648
239,-0.2082631130607697,-1.3553858880617775,-0.08981710299085444
240,0.24229376768305044,1.5340924468871808,-0.04927242505079643
241,-0.9295247898108769,-6.566354591974955,-0.1030139977215655
242,-1.4421044108821437,-10.014451694671589,-0.12419992681993974
243,1.0858101943778367,7.336245461065993,-0.03616892413049133
244,-1.2284579339975186,-7.261769593024569,-0.0933297869585411
245,-0.4609929535096049,-3.2362056873668,-0.08198062144066265
246,0.46909251762776705,2.9116325502570373,-0.038253347781113556
247,-0.1171863933157537,-0.9042093755468383,-0.04464227900552442
248,-0.5977451432422437,-3.7186489108385845,-0.08789584785710824
249,-0.0653299958831546,-0.5000933914177441,-0.05461358953999762
250,2.595982633398636,15.248239367679561,-0.017619266622637575
251,0.0336787527721879,0.10959534340970745,-0.05950594826481148
252,0.44602495667080355,2.5987302547444413,-0.051348792888876615
253,1.7754168414302198,11.09342945879832,-0.030778266418413858
254,-1.5596646814285728,-10.7956480040021,-0.1410034243438848
255,0.5186151171663146,3.4922575071702155,-0.05986623942898628
256,-0.17844001792076783,-1.4495386351996764,-0.0802409750081371
257,-0.3156111635759136,-2.359172355968786,-0.06266866615848055
258,0.3018306736597962,1.9389196981376422,-0.05562570663681299
259,0.4522575749286036,2.829306901647932,-0.04683421613934513
260,0.8632656686297175,5.697228064335369,-0.0373188980607182
261,-0.3271617936897605,-2.295392129011542,-0.0925114411657082
262,-0.29579589152961183,-2.0891104161136376,-0.04441113833109056
263,0.01119136329467161,-0.03580160208257466,-0.06954620571201553
264,-0.8710745680764758,-6.895442369639748,-0.08660109949652339
265,0.6693893097393033,4.140831558181568,-0.06374266277396834
266,-0.15443210891027498,-1.0776541485578273,-0.05860293856229304
267,-0.7774603959891491,-5.202055902685066,-0.08762687677915193
268,0.31030614212840735,2.017242842730771,-0.06409477193572066
269,-0.3442137077686201,-2.1733809777029323,-0.09507683455114357
270,0.08184620867611885,0.4513741256794601,-0.06128002349438755
271,0.23664074288067596,1.4571570458428607,-0.0582346608888078
272,-0.057617683047660496,-0.49755431625262414,-0.07984524804916215
273,1.354360858458703,8.857636028674909,-0.060400145448004094
274,-0.04283429880228287,-0.35608230030388377,-0.0594921610227791
275,-0.8409459658579607,-5.462130258263043,-0.08571214879174083
276,-0.8678826885470139,-5.620640293547263,-0.09847362444183028
277,0.537517191152585,3.3181949913600572,-0.0400712804901493
278,-0.7448165843468086,-5.592648615675621,-0.1009833793127235
279,0.6007476314552692,3.6490175046168805,-0.06871671440557514
280,0.490562739054987,3.4603241917890104,-0.042284127374237035
281,-0.1686726088294463,-1.3415489712783946,-0.08956351778691962
282,-1.1943424036800427,-7.738808372317019,-0.09327639755567252
283,-0.7077623007300997,-4.961696089091417,-0.0898435569924051
284,1.549344925204877,9.705060098545303,-0.031775085007106685
285,-0.7246287683399683,-4.552978937505703,-0.09594396538233785
286,-0.1811434913690304,-1.307294762662492,-0.06374493725573582
287,-1.119902295339935,-8.037711989671248,-0.10740466850287844
288,0.3434538859740158,2.1694788361129813,-0.046675251338828994
289,-0.051671107789019136,-0.5436875902289251,-0.08666821981783912
290,-0.40149274030224497,-2.8035758821691292,-0.061857075216860125
291,-0.3587258968394741,-2.2939751893916727,-0.07073693899586164
292,0.317376552811965,1.8149852589856463,-0.04879035558879363
293,0.9575967600637437,6.634012236347564,-0.03540026673833363
294,0.0019311678400285271,-0.13386660581004017,-0.06593018260993533
295,-0.4365920276876748,-2.805563700924829,-0.08757452859071735
296,0.8023887778546641,4.881182792935745,-0.054441214644211144
297,0.10006269369918513,0.5804440147924916,-0.06437191443544088
298,0.7036997083709905,4.382783492812803,-0.05373491242398565
299,-0.19169386622207396,-1.3977773639196833,-0.06184071088937815
300,-1.4387467213099243,-9.49842064650258,-0.10733754203233048
301,1.5821859252397628,10.371945602098487,-0.029481598076312454
302,-1.1515261001122863,-8.002773783535666,-0.10291781528426802
303,1.6101553022983528,10.00155279938415,-0.024644853331963756
304,0.3718501474236348,2.086457117421525,-0.06361783228639473
305,-1.501722023704801,-11.295247909079787,-0.12773843053103984
306,1.4636343445345879,8.587801138056594,-0.03839982442007295
307,1.2023342633486889,7.485530587919587,-0.05273249363241972
308,-0.2721889155818893,-1.7285842027077725,-0.055899763119085955
309,0.9235655961208208,6.0971605712398125,-0.02660428187760433
310,1.5335078724599887,10.296829532414531,-0.04544338138930071
311,0.6218373586711224,4.119342310605356,-0.044244696359347246
312,0.14910089350118805,0.8563828471982227,-0.05444388441144388
313,0.27072388194467334,1.658624222806604,-0.06655398296041115
314,-0.590406101280923,-4.240457945577547,-0.07848687659714526
315,1.265896844011587,8.513902011308726,-0.04487177061761938
316,0.6943216620877729,4.4616115844008375,-0.04126231575725703
317,-0.36035803335411204,-2.3681406460420273,-0.05750429782895461
318,-0.0019195854201137074,-0.1210437241187523,-0.06299156293896735
319,-0.04227339036124643,-0.3939582426610633,-0.06243120348239917
320,0.024849643309220227,0.058390439200084465,-0.06059882714357667
321,0.2928844654317947,1.8640275445529042,-0.06432764491716336
322,-0.7190172270132494,-4.611101573685906,-0.06825952638733579
323,0.12748457846107628,0.8149243550220175,-0.07412194283829665
324,0.27915171613931766,1.9186874562731493,-0.05545569114639948
325,-0.2635269678268007,-1.846005262715844,-0.07632739912554942
326,-1.3674452862785127,-9.340567432193724,-0.12693001817432414
327,2.539474760981836,16.44862322755152,-0.020666380004654705
328,-0.22984962238350123,-1.6627007627952994,-0.05891390466532975
329,-0.36256914336789114,-2.4784271880832764,-0.06001912655436026
330,0.7056804663399383,4.722211686449462,-0.04257318438149715
331,0.35222163473924906,2.331973091020001,-0.041802484996784184
332,0.7148321813331295,4.740254969139102,-0.06066457984285634
333,-0.010838075838043883,-0.1617291213048655,-0.04844181767485645
334,0.6417124708793992,3.7009323483453205,-0.04761721880753966
335,0.5624195672271243,3.967014631484367,-0.062137361298557736
336,-0.6299931085532777,-4.215746143580379,-0.07938332132765913
337,-0.6085616053534776,-4.3869798239978275,-0.08183993701923187
338,-0.740157337789898,-4.550611398275617,-0.10345632527974435
339,-0.5968838150345231,-4.235238386835061,-0.09908227884433674
340,-0.7326553489360749,-5.0985018452132325,-0.07059407814758989
341,0.7730075925609157,5.131559673028607,-0.034876864717870326
342,0.2575610364059445,1.5106342496661762,-0.05295532101957168
343,0.0828294757881938,0.41391492571696276,-0.04910979613187172
344,-0.04804550918779003,-0.41820267363491537,-0.05442177510674995
345,-0.04526141731458098,-0.4466151141090613,-0.08312942944288548
346,1.1549575649135202,8.214803264378112,-0.049427309383499374
347,-0.12034512188115462,-0.9785956777596416,-0.07246144586428349
348,-0.43460238228796655,-2.6471865215812795,-0.05083558709120628
349,0.14618656513265801,0.8248523903140903,-0.05470038212276407
350,-0.4993135973212186,-3.80120157266316,-0.07948743886508103
351,0.7663038870375665,5.764046994894656,-0.04193781646534778
352,0.5315568070109826,3.3102100182496486,-0.05064683200898901
353,1.5309180058314236,9.909736803442403,-0.045122498158470026
354,0.11903925559494637,0.6716081302597487,-0.05676502248054327
355,0.19621474146550333,1.2637200652733327,-0.07609865798075433
356,-0.19869406860026514,-1.2928160598969618,-0.04805093224403256
357,0.45347980635208796,2.794063057014151,-0.047102026681081544
358,0.6103038422355593,3.5116378658795355,-0.03653434811315048
359,-0.7372996785230558,-5.21058352610797,-0.130204260987969
360,-0.7285123114730063,-5.174061966757004,-0.118690755761376
361,0.7145963452068521,4.274899434044599,-0.06091438236310087
362,-1.8110098741432754,-10.435006011995739,-0.13387211136118116
363,0.7288020043639376,4.895695697677338,-0.03552652432968817
364,0.32747470945512125,2.233604670810041,-0.05428403622192468
365,-0.7797259823758671,-5.1388733875046055,-0.09244926363473427
366,0.5230309201824017,3.131214536093685,-0.03629271077509366
367,0.49256160876512034,2.883834459285106,-0.04428915931897093
368,0.4002573071229364,2.5987741060481406,-0.07771326707438286
369,0.5179312897772992,3.401990172790459,-0.043136981120711515
370,-0.6360931927207075,-4.59769631582192,-0.07752346968024448
371,-0.8742197136549629,-5.798394832958309,-0.10718442388815752
372,1.0562960826059868,7.40715122314608,-0.0579330016528401
373,0.4713486531508718,3.2520084089294965,-0.07111674656140543
374,-1.0256307573806198,-7.486987602055617,-0.1304848911820019
375,0.7256592231670727,4.347220098396876,-0.04893629264987065
376,-0.8000296393005194,-5.304462242643659,-0.1361084406720271
377,0.3933511505962521,2.347777544771912,-0.06367554565411093
378,-0.6275085597753469,-5.262353502319128,-0.12424866808929669
379,0.2952962838425922,1.8805331736523323,-0.05788223478368004
380,-2.324687259919279,-15.479773346332259,-0.17515842156415462
381,1.6856932606962405,10.936465090145319,-0.026516810102717447
382,-0.19830522619427152,-1.4490224332632917,-0.06188700283365567
383,-0.9927065173970283,-6.75619606612905,-0.08612981114841411
384,0.6292189600133142,3.654994550012569,-0.05402534927316449
385,-0.7192984338452796,-5.068642662074452,-0.08387225733281967
386,-1.325675492102147,-9.399475097124999,-0.1186262737796171
387,0.3950300660732653,2.3246291595601543,-0.035802706193412304
388,0.31228239550421155,1.8635818702892992,-0.05326927633356027
389,-0.8554431838778281,-5.682386774018145,-0.1074131270309977
390,-0.716726106245234,-5.232480817435992,-0.07832974506350832
391,-0.5963451915329487,-3.879548900500218,-0.09093207107476986
392,-0.8460440995976928,-5.085471995044322,-0.09187004143089483
393,0.6102296130024204,3.7070778691690176,-0.06864635998762392
394,0.6058754077393308,4.367057757136061,-0.06358713648383008
395,0.5677407742944741,3.6368138795189076,-0.05148516813261195
396,-0.5349174330393469,-3.4619633026791052,-0.09841365785631062
397,0.016849474331618985,0.004131198603962716,-0.05503226584267673
398,-0.6307329130299912,-3.902558178624349,-0.06686470486623053
399,0.47823463385933945,2.9675064190418876,-0.046414688307430674
400,0.6605557770632563,4.62685740230333,-0.05258174487826306
401,-0.04760309747627958,-0.5348643841482925,-0.06497061094839429
402,-0.0029559644727482903,-0.14262804439884036,-0.04978944933641738
403,-0.5419195728995347,-3.4331723565021455,-0.06574160455647438
404,0.7302877222436577,4.809771036319699,-0.03683156554274991
405,0.13652026574477366,0.7165052893962187,-0.046052745795446604
406,-0.8767706736201946,-6.50840570090171,-0.12848109541516373
407,0.11063712013398092,0.6463614900534154,-0.059372592223442267
408,-0.06084876914130138,-0.5483222915708352,-0.05401211434656572
409,-0.7167177267460282,-4.874421180084665,-0.10387919222950759
410,0.6807011908997118,4.6999470811438515,-0.055085338914322324
411,-0.11036035288018027,-0.9157250948720552,-0.06238351503097084
412,-1.1290546355517406,-7.920665178299258,-0.109893215865285
413,0.538691430077546,3.420810686885156,-0.05417079296176375
414,1.6085430118008441,9.57998356517422,-0.03775668179258207
415,0.019221888453596358,0.0011921142382798067,-0.08396659931417372
416,-0.08327804623286322,-0.6155636649713414,-0.05006015893039417
417,0.36184914863816026,2.083254903567333,-0.05209479504587655
418,0.5932182529273198,3.8342775883585256,-0.04570327704921995
419,0.20478386138640522,1.1783183611591586,-0.045902215639784916
420,0.40263061915768644,2.356198115690522,-0.04019038207983372
421,0.4049233349418025,2.785845622589722,-0.05664167515171059
422,-0.13791058236412404,-1.0905531667328994,-0.06968439380013958
423,-0.3584117587785327,-2.5315215721094853,-0.0726237445532476
424,0.8384638019172401,5.18104919205955,-0.04312600051963211
425,-0.20665729689435142,-1.3738977701718946,-0.06282616017797571
426,-0.7434240719569244,-4.869957916406742,-0.10715657518061283
427,0.6271615313441525,3.822970210065857,-0.04977546451043047
428,0.7924808746701709,4.814836887700502,-0.03835376426791082
429,0.2179030861728311,1.3396755949959482,-0.07363812742398901
430,0.8575296429314198,5.347201072972418,-0.04234967395904898
431,-0.0292158650741364,-0.3318957535063838,-0.08610456524621779
432,-1.4129644270316721,-9.128089109860117,-0.12252190994186796
433,0.2120389981733492,1.2449052877487876,-0.06710312371212701
434,1.2163845469627046,9.407299721897333,-0.05232386113008758
435,-0.31464654592158386,-2.377660650359903,-0.0942859951386712
436,0.04704171982329416,0.19924163609461587,-0.0616002598216322
437,1.1590189361818182,7.211557105488731,-0.04845676933919274
438,0.22145465660890085,1.3608916726399967,-0.07136318712785583
439,-0.5898516659945631,-3.7320230230341256,-0.08893673762936583
440,0.6738867330598898,4.404229226076217,-0.057327005628517114
441,-0.18698718576030368,-1.3629481925465203,-0.08420257213299054
442,0.36043662066109033,2.219679305802824,-0.07694144085277876
443,0.043172124920200776,0.16799456930283174,-0.05946770488169484
444,0.24507562666563518,1.3536381783276985,-0.06452781735953872
445,1.1547829187163847,7.088242399316735,-0.026532081552906317
446,0.02612116520655138,0.06310419286130742,-0.05817159214580758
447,-0.38479080584930847,-2.5842575171172943,-0.11523814244621589
448,-1.6653392170693309,-11.30417821134877,-0.12336473135147419
449,0.6501084858395361,4.189949811480065,-0.06003858852257837
450,0.23037619266810805,1.324874388847297,-0.05382903704245412
451,0.9621476403640014,6.257272693457927,-0.057025080563699926
452,-1.492028657173176,-9.331332112168145,-0.12385242950342001
453,1.2391773007706204,7.430461407789268,-0.03845335835313912
454,-0.39555774062917853,-2.425735296361231,-0.09109595461553643
455,-0.4826774610996327,-3.6359280354075207,-0.09101905310417246
456,1.3268873238671621,8.026093153993653,-0.03525112919351392
457,-0.22421318298963008,-1.5562207591298338,-0.06768551755730123
458,0.8241384008768634,4.982302275650241,-0.03650794749468311
459,0.05963745179129158,0.2570090831907068,-0.042423572611954286
460,0.9298449372487819,6.240604011751594,-0.07326768866549171
461,0.3702269339788424,2.411214864582978,-0.045644538015948366
462,0.7543094863593212,4.323995153206006,-0.03420451954992043
463,0.5071250455067029,3.2807277846817806,-0.0724141411616076
464,1.1025608950157497,7.595793284420904,-0.046683658907000325
465,-0.0417634857839836,-0.3868670703289334,-0.07595001268069035
466,0.2638995273148757,1.5836376629576154,-0.04692501840877472
467,0.6262638787088264,3.8768168368397804,-0.05695498235147489
468,-0.3962114415237888,-3.011601126670871,-0.08611549120737505
469,0.6830916227898096,4.2225334194862185,-0.04683564782608729
470,-0.3442830063378819,-2.2049718008747887,-0.06659723363074155
471,0.6509201541700511,4.238574805203887,-0.03953436206457972
472,0.7668805667673865,4.144995448043898,-0.03485240177290705
473,0.8026619640072555,5.0854284071107925,-0.06842764891413655
474,0.4514873793439637,2.9009508471454337,-0.05000851978833565
475,0.9315398062005857,6.259703206411715,-0.042908699206866574
476,-0.780490541747067,-5.221693440704945,-0.0995617747992058
477,1.8294419119073786,12.525014482208974,-0.024810672604179462
478,-0.03661191748067777,-0.37524234601278295,-0.08047284188876458
479,-0.8145835311996052,-5.492367718103164,-0.09377579737156583
480,0.04584688514630461,0.19945166071446696,-0.051936710006584286
481,0.4916644250518486,3.5960094277454058,-0.0749810619525344
482,0.26874854202905923,1.6464627576274982,-0.048876248305375625
483,0.7477572153377982,4.8905002957930765,-0.037364625894089065
484,-0.6297732544811886,-4.26772029413125,-0.08610378275388264
485,-0.9978892474355908,-6.813803444944277,-0.1140183933357759
486,-0.4876402766375974,-3.2684504761202104,-0.08971933760979034
487,-1.7345059978764923,-10.107981542965883,-0.12025581872167623
488,2.1684277687663043,15.020433300738656,-0.024737355871889743
489,0.8995729155254584,5.633469424151749,-0.0391978569533189
490,-0.05478437676236863,-0.4402405161781142,-0.0325559140315117
491,0.02990612273213911,0.08075572280803467,-0.05351848475419951
492,0.5207941573163356,3.434463653154163,-0.06821937519762278
493,0.37681853170921104,2.263355261433997,-0.03937932654882692
494,0.8293459235622336,4.873061760450348,-0.05183522725370715
495,0.29522008675406786,1.8420281884366618,-0.05938679627477572
496,-0.021390932928402894,-0.25292856039874634,-0.07445338592130502
497,0.6503326898972427,4.2865853085893635,-0.04712429962686293
498,-0.5999905658086734,-4.488049366062574,-0.094427977363294
499,-0.17680796496473614,-1.3635693400450455,-0.0682127730448654
500,-0.3338145115360184,-2.6315639746338104,-0.06546254644005378
501,0.5326130095312972,3.746881135964686,-0.06542349219969934
502,0.4093701390971898,2.249157962333914,-0.0621474078512364
503,-0.6236162315618126,-4.28224685664923,-0.10126313375117912
504,-0.512640691766455,-3.3700675857042506,-0.10675251571538313
505,0.5055019588984514,3.5266779457230113,-0.04584353528927598
506,9.941804187166732e-05,-0.10513869666852749,-0.059666239988814374
507,0.1528418663821214,0.8984677290199805,-0.053896275395340365
508,-0.261012203627708,-1.8359010427166367,-0.04860238842094955
509,-0.9279482511572866,-6.815927866373062,-0.12079020696713338
510,0.17589585535548366,1.1591279724176173,-0.061162812013940915
511,0.10903715164767201,0.6280882020452294,-0.05590029910069583
512,1.5674664664365872,9.94355486947407,-0.036787041040930224
513,0.5533959929399869,3.6572220170062897,-0.057926844936135424
514,-1.4589747916838138,-10.556534284054575,-0.13050325010406505
515,0.6393295080732628,3.917346063756666,-0.041420480589534514
516,-0.9842893782030979,-6.333646354155809,-0.08660787752728138
517,0.3788418213754972,2.314540530124609,-0.04704185197836197
518,0.34489441472346216,2.2456740512905915,-0.05788722078194575
519,0.6683439366321186,4.126394870890837,-0.05997383451150762
520,0.7067137585312679,4.839099718984974,-0.07010307425349072
521,0.22181552219121312,1.453432745730221,-0.046107881308478094
522,0.48219395614271215,2.846527456426351,-0.04018384455377311
523,-0.7214925336809728,-5.129251947455737,-0.08549156027767746
524,0.1780970085432154,1.1359659705626468,-0.08055539352759711
525,-0.8805655924373453,-5.686858692441621,-0.09602860269092728
526,0.6787124381049425,4.003106258537303,-0.035148754728133835
527,0.35727908841674566,2.5928620045664763,-0.043688372591580205
528,0.5846202606534923,3.7512291597531666,-0.048903419901292544
529,1.0473284162549479,6.2039621041476645,-0.04768193995227654
530,0.47917767372445363,2.7235882447768978,-0.05078735319413863
531,-0.5320197084342991,-3.9351843993654656,-0.10723985317066076
532,-0.05143509057339247,-0.40387920300840596,-0.04675730059154459
533,1.0863721798515722,7.131781012620442,-0.04091345110772471
534,0.0378280548267548,0.13673416977231234,-0.06471766676643276
535,-0.577367772093348,-4.300871447533461,-0.09295928909334217
536,-0.08351545433543058,-0.6533588801726053,-0.05292344183581721
537,0.8893849314791061,5.5151962883077,-0.028509065160601366
538,-2.0253377411124416,-12.488440705586468,-0.13342421403000548
539,-0.7913784567169778,-5.5406746877597834,-0.09108916966056213
540,-0.989216287045686,-6.517004242269653,-0.08670624753934786
541,0.8133761237793148,5.26760429211639,-0.04888511168142906
542,1.4149875220147183,9.14875643334363,-0.031227779070603146
543,-0.07291725428409657,-0.5783423770625129,-0.08885370256752811
544,1.0380015821943915,6.847262570313495,-0.05376886185446539
545,-0.39415940072792716,-2.5660363181570944,-0.09873897816123522
546,1.0649160781692302,6.91954714355647,-0.044799988127710244
547,-0.5757413184966017,-3.93473522876564,-0.07721711764531125
548,0.05382284919213156,0.2344256796852351,-0.05415382724892337
549,0.44093634026541234,3.050357094274414,-0.03809114950100667
550,-0.3564221162311642,-2.403716533727329,-0.07482620696833042
551,-0.16430809268346575,-1.2072389614035117,-0.046136652500879394
552,0.28962020731489985,1.7109146305597678,-0.05984701542929027
553,0.7082320548039756,4.396937722180638,-0.0486631273691257
554,-0.21919616768787195,-1.846011977818196,-0.06695399969673621
555,-0.13820850036212484,-1.059702537239704,-0.055623485254148286
556,-0.8878099308777521,-6.0810571641483735,-0.09142996926612057
557,-1.1424287820638972,-6.735451597540266,-0.10016130266896406
558,-0.5983783514715609,-4.64884456158583,-0.11003718864572176
559,0.4802482311904315,2.9652537272365276,-0.0712153451375811
560,-0.3662999075180589,-2.5100468581949698,-0.07644736273529185
561,-0.2135366108454334,-1.422912356394268,-0.06583165720805884
562,-0.6141144798234814,-4.396224506768521,-0.09722081984766895
563,0.07292533483589544,0.34963744371310224,-0.04433025951669356
564,-0.3476222837991848,-2.607512893544661,-0.07610513078056325
565,0.04036847571782324,0.1519184631725068,-0.051720325350613994
566,0.3176733111879223,2.1773721586568096,-0.07189769463248263
567,0.9133414303811037,5.653831823728805,-0.028886242825131525
568,-0.5787950798424955,-3.5675507079107605,-0.0897873800861374
569,0.16891049756523593,0.9890967104255743,-0.0642987539189177
570,0.5884542984853179,3.5827526932845855,-0.048843139385340684
571,-0.24986415990535024,-1.7391132211225568,-0.08327664275331792
572,-0.004701598047061338,-0.15792622136298062,-0.07405648695040978
573,-1.1648852243650065,-7.934919067897884,-0.11727433083222605
574,1.8425663541828285,10.635506905292136,-0.02440414497536436
575,0.45125620601806626,3.2253206810065382,-0.050479644396068224
576,0.4123633988293185,2.3804081439790403,-0.04452656980437797
577,-0.3413383790450756,-2.3275466051119076,-0.052510205296778634
578,1.655177014738392,10.563836402509619,-0.046541934294811016
579,-0.6362126006953568,-3.760160607621088,-0.05973478434903712
580,0.8171669898697675,5.056301174017364,-0.05400751791999159
581,0.04889132615019135,0.2133724497183298,-0.05838510837867694
582,0.8416478193194414,5.94326510938139,-0.04179401458977161
583,0.7108697406654891,5.097147302980076,-0.06669110173992066
584,-0.5719184991877216,-4.0760427528869325,-0.07119129343896069
585,1.5918870197547361,10.704357488893358,-0.04004556318845964
586,0.7111622203462747,4.276714428499551,-0.047422208631163754
587,0.296627555362561,1.9941597775787745,-0.0511675196900363
588,-1.3460619696790013,-10.617594686221565,-0.11174696057579903
589,-1.4044803764864062,-9.312788611558954,-0.12425340365368998
590,0.2380324013909352,1.3599147029392578,-0.04834505602588568
591,-0.43648881620963625,-3.493129861978128,-0.07262490202623506
592,0.04960600119409694,0.21234428463519084,-0.05699346644459036
593,0.20467681482607417,1.3235633390623613,-0.05132543218236396
594,-0.5068525388233839,-3.605920873445123,-0.0888194758462505
595,0.6561959167513076,4.203641664659541,-0.038138903632553456
596,0.9386596012192033,6.020196478546169,-0.05789066199791315
597,-0.8970360290738287,-6.005162319453028,-0.09991350798854559
598,-0.8836680018255985,-6.0599608763840624,-0.09988955773336916
599,0.29734830829002956,1.9356346120071866,-0.04614246190415838
600,-0.6568527450991398,-4.443746838476203,-0.09015088235180146
601,-0.10091871244344931,-0.7993523272328606,-0.054230584852019814
602,1.6079557860196494,9.96323005494677,-0.046144882675562604
603,0.5894197752198135,3.8591649436497066,-0.05210472132917354
604,-0.2493432216113659,-1.6780042783378857,-0.061655846028181194
605,-0.25535630112518004,-2.186873152487989,-0.07141076759751908
606,1.2359689526894155,8.730487311829304,-0.0405840722347115
607,0.3852636484573534,2.3383864348356598,-0.06644561981825559
608,-1.3124867038469563,-8.84269160179947,-0.11735612724565059
609,-0.9256431408462285,-6.141049776217933,-0.10019164020155291
610,0.18828641975768068,1.0577772259269036,-0.05970669690523256
611,-0.8720177465435957,-5.525008554449884,-0.07693996270764147
612,0.19803750017748226,1.1883411659098009,-0.0584382584370271
613,1.524028129823168,10.146292731374995,-0.03302667738999476
614,-0.8221769769036309,-5.130321491548562,-0.07916168513876687
615,0.525312258516665,3.6835933570622093,-0.049379048229639455
616,-1.0334845098414494,-6.757501531775379,-0.08692209396894834
617,0.5114709444656823,3.4013069227307735,-0.09004140714255449
618,-0.05539023505335492,-0.45585721122565204,-0.05999722875650848
619,0.39043904721499617,2.3950280111803446,-0.052674320906393346
620,-0.05884360016579383,-0.5334536192185269,-0.08722525774953616
621,-0.771026140239629,-4.6745176216104305,-0.08718989023490475
622,-0.270558609784845,-1.6211983097505822,-0.06113414708825182
623,0.6889117010625052,4.287971970156335,-0.06286530076225483
624,-0.7420612996422694,-4.857364766012284,-0.08836889985867835
625,0.8312308384496977,5.47209444133776,-0.040943633123033285
626,-0.8483921046294449,-4.868703755183434,-0.07291615736888701
627,0.23249659995261474,1.4842078015785853,-0.06572980024370945
628,-0.35692363695417456,-2.403527412035278,-0.07036051029956403
629,-0.9935989940068646,-7.0594852885775055,-0.1025493369911119
630,0.06333699992848575,0.31666816105526685,-0.09285680088220094
631,-0.8700702553587193,-5.432065849741208,-0.07987652525718192
632,0.7006826694937459,4.613188370737098,-0.048698301771787356
633,-1.0639499465459963,-7.5451997496466365,-0.09752284488328777
634,-0.0215783651504195,-0.2478621189171082,-0.03938290290098445
635,0.09902647875600941,0.5616052908957281,-0.08562701495905412
636,0.3881016064259808,2.3629151646226365,-0.047602555939097346
637,0.007438561687071104,-0.06230349409476199,-0.04152452944757523
638,0.05758776174415001,0.27662204653016165,-0.0949780038057364
639,0.5334647748392848,3.218993459958841,-0.0649045197341348
640,1.0239216209465445,8.109011873603645,-0.041443324452291486
641,-0.3829188524884415,-2.4828634570777997,-0.08467806312395532
642,-0.03280595020040363,-0.29170569362261256,-0.04782719738347829
643,0.6041762685683534,3.806411849620539,-0.05332236292446013
644,-0.591158845976854,-3.9018866266297136,-0.08281262474626294
645,0.2019399906755017,1.1880793773140441,-0.051177071357105475
646,0.020824286847405355,0.008006349743072683,-0.07597411618344174
647,0.7430831121495787,4.375789705248412,-0.04838545428706065
648,0.6165100946825368,3.926977432673806,-0.061406639017629994
649,-0.7919707926258202,-5.512802935732974,-0.07247184021741582
650,-1.064752206016127,-8.000309806430828,-0.14499182554939793
651,0.8433381044665552,5.444107769684492,-0.039378927915388995
652,1.363748637340314,8.229334112486564,-0.05015720285305425
653,0.14067173740699923,0.7382809394913759,-0.07272258292527856
654,1.4536419830535257,9.458928336873939,-0.023130691551399685
655,0.5770537545462487,3.756453171317786,-0.03716426284813745
656,0.08148937185409087,0.41485990924299276,-0.038708736046724646
657,0.9831934704558296,6.333028903289084,-0.04773228186325351
658,-1.7679632224953692,-12.413886210572034,-0.14087818648746797
659,-0.2298190474695792,-1.6117079837925652,-0.07432086531191595
660,-0.1065262828458703,-0.8107900670934365,-0.07043100473756647
661,0.5509331228564551,3.8285323896081858,-0.07545042616073883
662,0.9951865173765416,7.081518138897991,-0.03702658850336693
663,0.7718124978543817,4.8513847995171,-0.03561569085588634
664,-0.6897246090388587,-4.102567801665868,-0.08361898420692349
665,0.14813768667681115,0.7855021121520256,-0.045508728266561826
666,0.4667948207710135,2.907338519901126,-0.036668971690604235
667,0.3190643386033432,1.8490948005647212,-0.057517489463449145
668,-1.3360327971962564,-8.79088156354979,-0.11392635273014273
669,0.587752741053835,4.106965117766892,-0.044124825765604836
670,-0.019748339036245618,-0.214781026342592,-0.060639958127525206
671,0.022472203050869617,0.03743334759809258,-0.04265364829713658
672,-0.10580760375196362,-0.8378522764170171,-0.051136971296973366
673,0.32788888017791373,1.8393947655169995,-0.03863158361289287
674,-0.3684392029038064,-2.326219714797295,-0.08666320649098924
675,1.130166820913035,7.3943645836298755,-0.039591607600631074
676,0.5607324747892352,3.96368459985581,-0.03299586465620141
677,-0.5632465781830773,-3.8029438848188657,-0.07067452000390206
678,0.5980591074802148,3.870416232601581,-0.05379371725842175
679,0.3883327325368876,2.4211167517354193,-0.04602131960989431
680,-0.8500151614020203,-6.283241382038307,-0.08786186531390183
681,-0.6072751452576078,-3.823154246200866,-0.0795053211496285
682,0.4862128216702971,2.9968153980379553,-0.058836943974989064
683,1.006055209213233,6.978472537643765,-0.039039763450209874
684,-0.43076762102162475,-2.80998718729617,-0.06687409298431823
685,-0.2957737826953918,-2.055976926992442,-0.05314444612446456
686,-0.8092839409991529,-5.824884877493275,-0.08854826548546735
687,0.0792060728049856,0.3905757804514076,-0.07050604512820147
688,0.5318344576290153,3.065258708223828,-0.05431117638773875
689,0.451374440941357,2.925442941638634,-0.035161866656229
690,0.16569267725148612,0.8967236138412771,-0.046053579658271504
691,0.7892570851625508,4.987795154648622,-0.06286506065058983
692,0.8242417891784277,5.399490202563539,-0.03391037622669213
693,-0.9764807975380266,-6.746598787614488,-0.10741658929692843
694,0.9314636998669051,6.189464393924404,-0.06177172911284223
695,-0.817449286293325,-4.903878880784596,-0.09101048387419786
696,-0.22630389764976408,-1.6658475466696632,-0.08400073186676837
697,0.01981936265102004,0.01964526178110937,-0.05561735577054705
698,1.2392292237209337,7.304968533215739,-0.029212267805872827
699,1.5257359264524863,9.00064002444514,-0.02475578982405713
700,-0.8659830719383841,-6.449654027251361,-0.09299861318728553
701,0.03565619823150946,0.1257812752352372,-0.06038414707372641
702,-0.2596737374341823,-1.7804928663541442,-0.06679231479642622
703,1.2559925234462035,8.854770685426395,-0.04391189200364365
704,0.925269293932258,6.115600305282598,-0.057053662180561626
705,-0.10583412804815043,-0.7276526137831363,-0.0649173741586041
706,1.0270896752306036,6.681670410680907,-0.04018232612954964
707,0.2543998718156882,1.5024649511696575,-0.04774998283180165
708,0.09703474339471513,0.5041858985877834,-0.0784817592669057
709,0.19172872862762172,1.1678689039054557,-0.05773752449579661
710,0.4213792707457032,2.576879980939384,-0.07257273049722002
711,1.0261748675054598,6.1886583061335765,-0.03983443542631182
712,-0.5079712216923394,-3.663247814463433,-0.08881055298347285
713,0.23472784741221392,1.5913571754393896,-0.05174388340815317
714,0.3376381429078502,2.084232114144058,-0.036640211088045715
715,0.043504841553941416,0.16441049181097345,-0.05874101301512835
716,0.5929784255885558,3.538355680714078,-0.04086903394103625
717,0.5561081379736237,3.8456119197330274,-0.04778019767150998
718,0.7232390098041991,5.039680690883008,-0.06811457320496328
719,-0.6979960369183937,-4.8330028074092475,-0.08661805240636489
720,-0.8184905897886012,-4.779887457069199,-0.08277194049368408
721,0.37773994637199326,2.536297134184795,-0.050367750229392216
722,1.3275488854805075,8.520198656434586,-0.04456220024409008
723,-0.7233063064797675,-4.363192801142491,-0.06563583491496383
724,-1.2121138251137817,-8.47914916352871,-0.13295875279992708
725,1.0200919978193999,6.042125868680159,-0.05165410759451006
726,-0.18713544994659576,-1.3540180454002626,-0.060770692025336026
727,0.6443305505823579,3.8832242904905723,-0.05782037288157338
728,-0.19802965886021692,-1.386026668143936,-0.07085996303765096
729,1.4103645523978774,9.599156496100925,-0.03956298489716348
730,0.009748742278774829,-0.019623019078207626,-0.06393873310260723
731,-0.09712579245702875,-0.6850679613533583,-0.06548151434519012
732,0.2785663496784287,1.7063838293829958,-0.06091131453723497
733,-0.7247138102176393,-5.32268959166784,-0.08941566337888673
734,-0.2461871601726758,-1.6638397138005745,-0.09553267706311042
735,0.6016570443518771,3.551747041571751,-0.05395443440128678
736,0.049052812781852265,0.21173371536538088,-0.05829466846167963
737,-0.5948931723478467,-4.259057243579678,-0.08639979522551444
738,-0.6215793071422802,-3.966366576272684,-0.05731080127462529
739,-0.12802989280745586,-0.9910225372095183,-0.04766412402514186
740,-0.2926137782589179,-1.8834531021427625,-0.05751408108332934
741,0.06793256624907662,0.36293200312056406,-0.07137143001719981
742,-0.8815717556175899,-5.949851074664114,-0.08356919427540499
743,0.6188693007042098,4.17898677455999,-0.06310716531492266
744,0.12202168785646089,0.6599624041996099,-0.056210964136383934
745,-1.0686371142584281,-7.364869547884556,-0.10640095609119815
746,-0.16562096278724966,-1.1034848266654462,-0.07968673993967335
747,-0.3874067916572085,-2.577264458268269,-0.058734877814811126
748,-0.9497781867919233,-7.413644554707844,-0.12040537354111058
749,1.6497214200939216,9.982399323402236,-0.027207989307831082
750,1.05494881759453,6.403037094592867,-0.06405234176600061
751,0.4972127641661369,2.880089232004268,-0.04262713886318836
752,2.0580041627559242,14.579960617817589,-0.02226011065072364
753,1.2026687658553774,7.306426116623399,-0.03735911379078638
754,-0.1559893589011509,-1.2192463405554022,-0.060261182120834755
755,-0.08841221458548133,-0.6763567735729503,-0.05073813736296651
756,-0.8819844122130254,-5.745662026036447,-0.08695836626698594
757,-1.4619645958559928,-10.412134476842528,-0.13422888788762777
758,-0.9376257474026987,-6.3267132665906,-0.10310334797804033
759,-0.4267144169368766,-2.869386333846502,-0.0747247036089248
760,0.043773451540339875,0.17880053164396337,-0.07160509590299713
761,0.07235305028074883,0.3554187408459697,-0.06682328251274672
762,-0.5452462850505165,-3.5098145113539037,-0.09270202217057932
763,1.3225967769307148,8.795038088757767,-0.04930238619426908
764,-0.07268817473481863,-0.5608048857010162,-0.07447901039057658
765,-0.4557704252384679,-2.7307688234467387,-0.08594486543425672
766,-1.0074887203865208,-7.369159264637437,-0.10367898680464782
767,0.4900262428703727,3.180066801620818,-0.06110949482651995
768,-0.3525180801798001,-2.823824910279804,-0.0611505889797358
769,-0.9697206084108082,-6.125443754800674,-0.1036006149166494
770,-0.3341079467265499,-2.473007554242579,-0.07042383539598329
771,0.026556284240934067,0.06610360750962663,-0.05391589022880239
772,0.3508947067992325,2.2347461669765423,-0.07762710171941534
773,0.009097410238045498,-0.05365569917590296,-0.053977253407342496
774,1.417345032070507,10.129038206221752,-0.04033875936465925
775,-0.6930191806270204,-4.667147392459503,-0.075680237859312
776,-0.9318250018351205,-6.177940193067788,-0.08712222956235671
777,0.18555813715675518,1.1806851767876658,-0.055061424555678085
778,0.35838226094770403,2.052689283157516,-0.03621198485354571
779,-0.6796946307664024,-4.34451037378023,-0.07985859591224487
780,0.9334833354025835,5.796551586671916,-0.037962011207905655
781,0.2002589451556112,1.253013192233876,-0.06661465653960397
782,-0.3640867842303513,-2.4137692813965494,-0.07012001385680477
783,-0.652264957774133,-4.575594355068646,-0.11705360650901209
784,-0.022850477554855284,-0.20999411907860477,-0.04291929046093579
785,-0.5460075131664905,-3.660788082563926,-0.07169693650758069
786,0.287805144307937,1.7079948450478444,-0.05522580881186112
787,-0.11770865222260145,-0.8697455144427324,-0.07550343772666734
788,-0.07104160970030134,-0.5447799267938369,-0.06939429736291769
789,-0.26007781223430937,-1.7389693262986339,-0.06175983179024569
790,-0.3858801825873106,-2.645364741288181,-0.06383454312982051
791,-0.18023309524778974,-1.2966445652665026,-0.04984770533215144
792,-0.06311349870257274,-0.550240773698063,-0.05954853855272191
793,-1.2112036858716344,-8.60171774912496,-0.11300384735274527
794,0.49107745387551643,2.9661206041801558,-0.051606425513030296
795,-0.3558298037159847,-2.5584595112465247,-0.05995102079125392
796,0.0006711542126257151,-0.10688199549511168,-0.08518357762035578
797,-0.5443592785082391,-3.7397634244136446,-0.06971301452411371
798,-0.17924337920139424,-1.2742691323702426,-0.05809406732333855
799,-0.6150429300609039,-3.7999451966246656,-0.10727314655715592
800,-0.44636626346968383,-3.137584262129489,-0.09455384504143138
801,-0.07045124135337011,-0.5689641725702632,-0.06662817528534426
802,1.5228316816616985,8.900807403758337,-0.04442873317981244
803,1.4736003724815714,9.118887935035724,-0.02428730825995662
804,0.7682163552886153,5.632234518559032,-0.05957380310801397
805,0.5651603411796051,3.622597682360329,-0.05169827864651255
806,0.06692856810031445,0.3665466095958081,-0.08901911604941626
807,-1.1856599216873946,-7.645314889815813,-0.1346423478792661
808,0.9253439066105669,6.154030140305178,-0.03716285056111379
809,0.13637506054204845,0.7373988623623484,-0.03875429821236387
810,1.0161335862762382,6.856122925909269,-0.04330034970086272
811,0.02116156978283669,0.03585999356590097,-0.0489917719693167
812,-0.0433114378678949,-0.3585053775549074,-0.07698117649647995
813,-0.5751934182261301,-3.9093477483023165,-0.07679678548369595
814,-1.04498041833695,-7.329462748006899,-0.09913821531696221
815,-0.924536925803116,-7.040692776127255,-0.13695305156245208
816,-2.159341704557866,-13.933121144976557,-0.16145135007531097
817,-1.164136864801357,-7.276546776040216,-0.11137994535707174
818,-0.25787841996258654,-1.9923614351027186,-0.075050683640013
819,0.5599349329954015,3.40917430277361,-0.038244965522423735
820,0.7167040862926435,5.382637281717351,-0.04854784602575968
821,-0.46962880377133565,-3.108875451696458,-0.1023109305744414
822,0.55483200403984,3.726321049614545,-0.07103771915905155
823,-0.07509620511279068,-0.5686043722985978,-0.045058696393691755
824,-0.1877392419452634,-1.3566967553988452,-0.11218905498998855
825,0.2818938260059913,1.625884732528693,-0.06429982186252192
826,0.33946160885602167,2.1715906437645316,-0.07882819242429395
827,-0.23844115039317787,-1.68532730090446,-0.061759755936544036
828,0.1927743571353635,1.2280169021025023,-0.06096756388461588
829,0.6292878918554349,4.202184715912827,-0.06158662319919861
830,-0.9050212075286133,-5.3259223904336235,-0.07698432330590987
831,0.07536347774826652,0.3761119767519583,-0.053509251369079025
832,0.9072234834627609,5.792938879073484,-0.06343088276881992
833,0.28641736187134026,1.6938734596296579,-0.05069395576828439
834,0.0639697225186006,0.3066005143099071,-0.04662008112498761
835,-0.4227766626892305,-2.87186368661152,-0.07964288583092649
836,0.032129935474071385,0.10067383267016172,-0.06339733676144643
837,-1.0072547904075735,-6.297089196845718,-0.11110372160461435
838,0.5475201325591345,3.400026129519773,-0.06986491122174388
839,-0.07644041392061011,-0.68681340969029,-0.06682324459297473
840,-0.1298668712997516,-0.9383123051675657,-0.06139172934123649
841,0.45242638767238175,3.0960574029696986,-0.047242675664890155
842,-1.8378329183423683,-12.713403104409771,-0.13889365312110147
843,1.0826985558985993,7.256393712123077,-0.03209493285361609
844,-0.15313963589943022,-1.161128632100239,-0.062454816048305606
845,-0.6727586680918236,-4.898661600000609,-0.07764717480720074
846,-0.3614524284939258,-2.4860401083644845,-0.08006811342779774
847,-0.5732403655856205,-4.245385217926668,-0.09709293072388558
848,0.6848609603163189,4.767283560134783,-0.05082876821936477
849,-0.013468483801015526,-0.26018286922934175,-0.06614229145224737
850,-0.0952170078583066,-0.736358448926222,-0.07924111254895172
851,-0.31045804585486025,-1.9851723984567804,-0.04963039507942257
852,0.020182089056037703,0.026424363586063926,-0.052852372458259245
853,-1.1165817663429076,-7.008209892843642,-0.11607486496773134
854,0.6842570812445234,4.78552589504162,-0.04672068456206824
855,0.21432133288424024,1.2468587826767408,-0.05957090554554145
856,0.9092103903578831,6.68573341844525,-0.04939488273915016
857,-0.5224153959296319,-3.8311864374356297,-0.08158661795716426
858,0.5007340480592852,3.1794472450686007,-0.03325131770858081
859,0.539203207384834,3.399932626702973,-0.042871145545298694
860,-1.3420999239905504,-9.315802392090788,-0.13181252075650762
861,-1.0671561353525645,-6.016544274373825,-0.08808633645381359
862,-0.16106206766001185,-1.0547702691800276,-0.06365988128303579
863,-0.7736708538716413,-5.02705708645339,-0.07967420003936265
864,-0.5270967117100802,-3.698882918799695,-0.098552869545386
865,-0.4153093782258993,-2.7865672588826995,-0.10898878140887813
866,-0.6410106617367928,-4.331308311129611,-0.10362114871862504
867,-0.3664470496746192,-2.594800405323827,-0.08798313787663437
868,0.2643156622801441,1.7170680354795964,-0.045067675273523844
869,-1.1864228022821939,-7.870508265296905,-0.10578575652170119
870,-0.15313128600366732,-1.1009970021716664,-0.07272469123102343
871,-0.11787677830468053,-0.917274662349643,-0.08376317899830299
872,-0.06232675559628193,-0.47936141723730064,-0.05556822258181626
873,-0.34772268346029284,-2.3914629021920875,-0.06966512595065766
874,-0.140241793210356,-1.1283815298108846,-0.07182102383451439
875,-0.18899429714498026,-1.3548125367792485,-0.07962050927033304
876,-0.31679896470830815,-2.161209959401167,-0.06720733569123305
877,0.2261235765709671,1.3252323509133301,-0.039498389378864296
878,0.5885153847250263,3.4946574209840486,-0.04219379157424308
879,0.2656184170490688,1.7387583859183264,-0.06064676714428274
880,0.6809546646890401,4.000457298423665,-0.04594563459482526
881,0.8454489922575317,6.923174216914685,-0.06648461877112122
882,-1.498060488464914,-9.795000529610821,-0.14585142392109185
883,0.30765239334972405,1.8952254902679488,-0.06462851737956188
884,-0.9144576429332163,-5.750041989251187,-0.07764323836114384
885,0.30969499936574885,2.0939335660244307,-0.06332392676745013
886,1.000868787967591,6.567341139412797,-0.03194111587841375
887,-0.26194827485670563,-1.6644376319004506,-0.06046191427420511
888,0.4334932442974558,2.764090978605749,-0.06097015570373365
889,-0.028042109263153234,-0.33079195897285363,-0.0697257733557759
890,0.5087838441709063,3.164077633088924,-0.04917850546495017
891,0.4109346001511831,2.761492649554631,-0.05187260634505442
892,0.004716024843054564,-0.055733395448354095,-0.05884956645034456
893,0.4639900858495758,2.7749722802691945,-0.053049826524599664
894,-0.3300552116449585,-2.118666255205348,-0.05413092657202734
895,-0.05994068753245399,-0.4890290076996595,-0.07908669016834058
896,-0.10105431526110524,-0.7999958866282575,-0.08158599093863295
897,-0.36858027790618575,-2.4889718049644793,-0.046364400918014304
898,-0.9023528948887661,-6.208056696714537,-0.09582990279839321
899,1.02958973455617,7.253464882367711,-0.05082015777325799
900,0.26566464869884737,1.5722260112401631,-0.06618763728033528
901,0.9284886292700147,5.263951046255233,-0.04197702784079416
902,0.5637804429955683,3.5096273579239723,-0.04684878707964313
903,0.44754116647634384,2.6359799164452635,-0.03383410973624712
904,0.1633860210215904,0.9361518528838264,-0.07325432984554703
905,0.1640230416021394,0.9624716076030326,-0.07661832418807546
906,-0.1943116824007097,-1.4122859035365365,-0.058430901556939974
907,0.09350244842379943,0.5317467215543825,-0.05900121081245213
908,0.5097868887311586,3.176836649171211,-0.04253570902072101
909,0.9853313347458579,6.797451349598327,-0.07628102571655537
910,0.1373468778860972,0.8918095201783327,-0.06604851296292691
911,-1.1239455421023223,-7.524196722106591,-0.09604765864541598
912,0.15596198922206894,0.8939023177506167,-0.056665016319466854
913,0.24575070747728717,1.4315946847575756,-0.05481129332037882
914,-0.6223758840277267,-4.291991197097634,-0.09557101820635094
915,0.34447947265959505,2.0394776182519614,-0.03411572661830742
916,0.2160247191879813,1.328419057432284,-0.06563058367916863
917,-0.42662764175628853,-2.865921508171765,-0.07501467243573567
918,0.02844728105173056,0.07885090769972347,-0.06056242106470289
919,-1.3588505644341082,-9.605949790684043,-0.12347665370566296
920,-0.31689809347649883,-2.290952530152446,-0.05166375491001429
921,-0.13068524990986016,-0.987336570816022,-0.06185277742449369
922,-0.5873929012166837,-3.9268879307315707,-0.08513085160661527
923,0.8198728370333055,5.160018617506124,-0.029408467722796927
924,-0.4188991399448984,-2.6659051131099676,-0.0684823771911015
925,0.16524946826790227,1.0188177556721856,-0.054836720455464505
926,0.10811293472728517,0.6247258160827718,-0.06774946643088464
927,-0.6952784094926219,-4.7234083402941,-0.09218594567137761
928,-0.9054348172768022,-5.964546559728989,-0.10843036906334724
929,0.1337869417376492,0.8462539083430531,-0.04687275974300631
930,-0.37468246548241535,-2.7012030075651117,-0.07420737031193347
931,-0.9652383719604349,-6.386731079380992,-0.08533640493793748
932,0.07808531524920649,0.4041008248910183,-0.04836719538990408
933,1.5571504062624204,10.47700751389391,-0.03674623212462047
934,0.10392342841778071,0.6033614356004247,-0.07600536335675168
935,0.006173080476110199,-0.06518572784683929,-0.06796569737402747
936,-0.954172989436165,-6.402304999922858,-0.09071144277454923
937,-0.19975182158252489,-1.387444943166627,-0.06667906322925965
938,-0.5494758028966561,-3.738272518284247,-0.05782087863598229
939,0.5731114572926388,3.6007650448355966,-0.04389755083196911
940,1.2801888183995316,8.807370409247861,-0.03216081153970307
941,0.32197085247292573,1.9281876049072055,-0.07265231409450412
942,-0.35629204987899954,-2.6676810587706656,-0.06249158677310196
943,1.1870969259045785,7.161535180628809,-0.0255374467009446
944,-0.778114737341114,-5.275220527626567,-0.10344655965715754
945,0.5193452219983615,3.127846955450031,-0.0342294424308478
946,0.039223104664397775,0.148430808348321,-0.0467198746977856
947,-0.04063311498657379,-0.3596780372962849,-0.054224475457580135
948,-0.9069063498474088,-5.267555818235237,-0.08251208429645229
949,0.20926098725638997,1.3028230100161187,-0.055644737715841885
950,-0.2653565771591639,-2.042719088238487,-0.07283379665118261
951,0.8684497182815021,5.8377074762125725,-0.0517660416953275
952,0.08517553021631359,0.45360830118470474,-0.04749145464402349
953,-0.20990115068999574,-1.6518963148692833,-0.07637374375823702
954,-0.06592378306472248,-0.5589900670052939,-0.0864811083515934
955,-0.6512313456866814,-4.0631211558058595,-0.06573830790005164
956,0.1824704079833685,1.0356035506534633,-0.04072591554059579
957,0.5787297996293839,3.629110492866361,-0.040854908789695
958,0.2881170776845508,1.9461759905177178,-0.060519467694391316
959,-0.7665556937444999,-4.6360748392642925,-0.09386805646527396
960,-0.7829058836193687,-5.521726851722796,-0.06913497828328141
961,-0.0737279052117739,-0.5535519232606978,-0.04942129319783928
962,0.3410757314260713,2.2778874147460826,-0.05812847977102853
963,0.7056405393159043,4.760062079577088,-0.06230522612547473
964,-0.3450856294684082,-2.3702818271506443,-0.0639758876406209
965,0.2206685298042677,1.350284994009443,-0.047702549664401905
966,-0.5104087056785348,-3.301257534477242,-0.10969479859302722
967,-0.08712653732696969,-0.7385919976372279,-0.052789704774244606
968,0.05019326460504722,0.209353182513361,-0.046468916518678904
969,0.3549091949403203,2.2860961666035795,-0.06779068675215028
970,0.6088505918346923,3.90039992832949,-0.05091037529796216
971,0.2524188996738511,1.499349774993597,-0.05943640172435072
972,0.9846115104797962,6.188642007691225,-0.039949719197290845
973,-0.8209476658580248,-4.928787411413649,-0.0771778485008765
974,0.9775693028099648,6.687435279415244,-0.04079606963564242
975,0.5928866031068744,3.6344427126346446,-0.05872194063423497
976,-0.5681624351659778,-4.5211161853953685,-0.10919321563047257
977,0.02195296764989414,0.041755880435734305,-0.057412926427844124
978,-0.875936821295788,-6.127735498338682,-0.09639788917160053
979,-0.3614584565630229,-2.4929184960807316,-0.07013897879572784
980,0.4594824785973814,2.7984126382764707,-0.040913331150394305
981,-0.6113435544993138,-4.289892769049897,-0.09344680004576378
982,0.4543563695425996,3.064625410302124,-0.05804358901490114
983,-0.009860287372452268,-0.16537028649600272,-0.05812583977024799
984,-0.23928618330361578,-1.704219343977953,-0.06803743254687189
985,0.20498083237139014,1.177937095507886,-0.06889142178879504
986,0.15969339011617015,1.0475527154621078,-0.07278717663151546
987,0.30983986012507,1.9361127052136773,-0.054795480804878505
988,-0.010803411712999584,-0.18220190013212845,-0.06771556668624934
989,-0.744817165570254,-5.07494487127691,-0.0971327908166204
990,0.6861256347599798,4.307707816494699,-0.04511687051175217
991,-0.17516692585839208,-1.1071767324783877,-0.07886657531912022
992,0.4495195989350745,2.8438288844507387,-0.04703575154610362
993,-0.378182313531806,-2.6038529873082528,-0.07382376431617588
994,1.7279487482626494,10.253828785585073,-0.03781403157924523
995,-0.5084556523639797,-3.72890862406301,-0.07119374010141866
996,-0.15005789711533765,-1.1581741141406199,-0.06071929372628537
997,1.0221051149360842,6.187897172756962,-0.035103760800558326
998,0.8273739220878178,5.9549572331741185,-0.04361955279545304
999,0.1640833350602154,0.8917830063269294,-0.04991221321002892
1000,0.734581787721455,4.515884966300754,-0.0452369392251365
