iteration,sharpe,return,max_dd,actual_sharpe,p_value
1,-1.3539646139816004,-19.068863524355695,-0.21121284966704323,2.508456928769127,0.0
2,-1.3988254553445798,-28.609613344034656,-0.316463593149916,2.508456928769127,0.0
3,-2.468380077233162,-76.10046993513843,-0.7663480851232085,2.508456928769127,0.0
4,-1.3341673076362244,-31.58151157006386,-0.38651423231608073,2.508456928769127,0.0
5,-1.5326107583836572,-37.86636351975534,-0.3813345235244887,2.508456928769127,0.0
6,-1.3691597835150495,-33.17867106742104,-0.3682226049705125,2.508456928769127,0.0
7,-0.03620787861002789,-1.523764484575274,-0.09736906667841194,2.508456928769127,0.0
8,-0.738584489657525,-18.143641374553667,-0.281333850025563,2.508456928769127,0.0
9,-1.1399422398495662,-20.33409256039882,-0.22887777588425295,2.508456928769127,0.0
10,-0.5636075788760897,-14.960769315077904,-0.15604623565040854,2.508456928769127,0.0
11,0.10063060784103067,0.7276718727123876,-0.1977308703804559,2.508456928769127,0.0
12,-1.1874945825822876,-22.1993651982353,-0.28977282252658076,2.508456928769127,0.0
13,-0.495700467002613,-11.995753872928749,-0.1573575539070634,2.508456928769127,0.0
14,-2.704643758980593,-55.52387870690434,-0.5735247327180195,2.508456928769127,0.0
15,-1.3023129588142028,-29.496783538163218,-0.3354864224521905,2.508456928769127,0.0
16,-0.40376064595343314,-9.935243951379725,-0.19266288372356,2.508456928769127,0.0
17,-2.613727165977279,-71.15610937208608,-0.7135506606631996,2.508456928769127,0.0
18,-0.08686131655663533,-3.2555462853775308,-0.15224171024978184,2.508456928769127,0.0
19,-1.1741618853316542,-19.227540483901162,-0.21880599082218066,2.508456928769127,0.0
20,-0.7649137137078593,-13.212647522326337,-0.21868849197771478,2.508456928769127,0.0
21,0.17446055520296141,2.7740466806638775,-0.18696735841852397,2.508456928769127,0.0
22,-1.0489132611248484,-19.567978204003634,-0.23241754777839996,2.508456928769127,0.0
23,-2.5837423312258565,-41.93107131618361,-0.4216375370059161,2.508456928769127,0.0
24,-2.011695943284593,-40.59108871526828,-0.4104239197037365,2.508456928769127,0.0
25,-0.6953506107859563,-10.678280852781686,-0.13210458383062673,2.508456928769127,0.0
26,-2.26577785505845,-32.15358268880936,-0.32359933310975575,2.508456928769127,0.0
27,-0.2715409782721003,-7.73844769385843,-0.1930190794156419,2.508456928769127,0.0
28,-0.9828758063724073,-21.139796894766217,-0.24004607335279615,2.508456928769127,0.0
29,-0.8295936015677986,-22.002833408817445,-0.3088510055101009,2.508456928769127,0.0
30,-2.027062007984114,-36.29083433685619,-0.38777516482532826,2.508456928769127,0.0
31,-1.2794750608295646,-48.88536724010931,-0.5193217895709721,2.508456928769127,0.0
32,-0.9088247828087674,-13.819123728791261,-0.14220102542594082,2.508456928769127,0.0
33,-2.369616634330541,-40.83609882880395,-0.40874439409072993,2.508456928769127,0.0
34,-0.11673249389141657,-3.890326966469204,-0.12449796585664874,2.508456928769127,0.0
35,-1.5497173658368175,-34.25679298268709,-0.40241016226601445,2.508456928769127,0.0
36,-1.135419829887515,-29.33325678223878,-0.3385122852430744,2.508456928769127,0.0
37,-1.8891914129880292,-40.4150472119529,-0.42333915620901796,2.508456928769127,0.0
38,-1.1829891567565316,-26.03535104720266,-0.2934139990233696,2.508456928769127,0.0
39,-1.4942345056437774,-25.89991992088657,-0.2775487571901719,2.508456928769127,0.0
40,-2.35594905241299,-33.98650082236207,-0.340132963143006,2.508456928769127,0.0
41,-1.1717348874084874,-16.672255781014755,-0.1772805094601867,2.508456928769127,0.0
42,-0.3036674462396662,-5.046587150671334,-0.14192012255897235,2.508456928769127,0.0
43,-2.2571977923498605,-38.30753532782485,-0.38505163364491657,2.508456928769127,0.0
44,-1.7882272644778279,-39.024264910293425,-0.401148200253729,2.508456928769127,0.0
45,-1.6688572166542541,-40.301972329117376,-0.4389339106029152,2.508456928769127,0.0
46,-2.723193331701229,-46.15967950663651,-0.4615967950663651,2.508456928769127,0.0
47,-2.127866873087031,-38.113201475934424,-0.3814939038897608,2.508456928769127,0.0
48,-1.4647729043845623,-25.291719727574037,-0.2610356410990974,2.508456928769127,0.0
49,-1.3947840756991505,-38.296796221593695,-0.39708686263584303,2.508456928769127,0.0
50,-0.7595176572940469,-12.861212866192595,-0.14202420969204654,2.508456928769127,0.0
51,-2.3499352179319857,-31.93595808092855,-0.3247294951397729,2.508456928769127,0.0
52,-1.4691315668453844,-21.473284177229058,-0.22818782846860008,2.508456928769127,0.0
53,-1.4109093124183598,-26.355679239839315,-0.27571131161450524,2.508456928769127,0.0
54,-1.9970997014145502,-36.35164120742361,-0.37040492435064465,2.508456928769127,0.0
55,0.17730060081369844,2.6455183476538746,-0.12862646006690615,2.508456928769127,0.0
56,-1.699725361736202,-39.89388210714058,-0.4046632870698056,2.508456928769127,0.0
57,-1.7484986189712741,-33.93959296752568,-0.38043573456278235,2.508456928769127,0.0
58,-0.5188854575025652,-7.459069989503075,-0.12700654901033204,2.508456928769127,0.0
59,-0.6922305201109875,-13.237652824620094,-0.19733490604783388,2.508456928769127,0.0
60,-1.1181188246799085,-23.57421155591368,-0.3085444333229459,2.508456928769127,0.0
61,-2.1156414152927296,-24.90674226334473,-0.2671826328749327,2.508456928769127,0.0
62,0.2610906082627614,4.116216937002415,-0.08322346228022304,2.508456928769127,0.0
63,-0.9532894524927206,-14.942140047645115,-0.16076851638184708,2.508456928769127,0.0
64,0.13695928558967646,1.577980144282587,-0.07739792962984682,2.508456928769127,0.0
65,0.6273815353998203,11.01838600217182,-0.11336828424843881,2.508456928769127,0.0
66,-0.6812078573945077,-15.297565949940184,-0.2329695309786498,2.508456928769127,0.0
67,-1.472070091945484,-24.413131329085736,-0.2720995665585344,2.508456928769127,0.0
68,-1.2758057673437253,-21.933353940519996,-0.27459870423627086,2.508456928769127,0.0
69,-1.3032474242077536,-29.534310558848397,-0.31271767768118985,2.508456928769127,0.0
70,-0.46854472951821774,-12.10918060431262,-0.271586656233439,2.508456928769127,0.0
71,-1.5617140748032678,-32.403491309484224,-0.33341763588440365,2.508456928769127,0.0
72,-1.9719328499816733,-28.73621683003166,-0.3157852854347667,2.508456928769127,0.0
73,-1.2971914999190521,-28.59861691296135,-0.3276653323123,2.508456928769127,0.0
74,-0.35901903087802944,-6.5317457668411905,-0.11920992932641172,2.508456928769127,0.0
75,-1.0706237163065366,-28.733154348852207,-0.28733521236224524,2.508456928769127,0.0
76,-1.1032894742573804,-42.09806242135337,-0.46860009317967966,2.508456928769127,0.0
77,-0.9730293594798273,-21.701984513882454,-0.2788338904267941,2.508456928769127,0.0
78,-2.000925444431687,-41.38418145212251,-0.415013225663167,2.508456928769127,0.0
79,-2.4520048885886965,-34.1533375475881,-0.3432846709718168,2.508456928769127,0.0
80,-1.693534666198128,-27.905520704386277,-0.2876491510849779,2.508456928769127,0.0
81,-1.7696903555195977,-33.77471182976694,-0.3404324550553628,2.508456928769127,0.0
82,-1.654853882869883,-40.266704965800706,-0.4133381682781849,2.508456928769127,0.0
83,-1.7815191016953185,-26.939573106342674,-0.2701409440367736,2.508456928769127,0.0
84,-0.680310191475424,-13.629979492432465,-0.22389418335952882,2.508456928769127,0.0
85,-0.1454471484344366,-3.3386179924821735,-0.10919741423717644,2.508456928769127,0.0
86,-0.9396409075958818,-18.096153587214392,-0.24536128366379562,2.508456928769127,0.0
87,-0.8884167305976445,-22.85654944607378,-0.3027067297953949,2.508456928769127,0.0
88,-1.195773504836495,-19.476066901067046,-0.21878730903734822,2.508456928769127,0.0
89,-1.6691824278349343,-28.39101993132146,-0.3014538760205565,2.508456928769127,0.0
90,-1.372399186852383,-26.77283252566962,-0.29508307061367434,2.508456928769127,0.0
91,-1.0703404889577623,-23.689997625396554,-0.2604526169684218,2.508456928769127,0.0
92,-2.3805437232351263,-36.43024940115103,-0.38169256957579767,2.508456928769127,0.0
93,-1.7227897366273108,-37.48400568480746,-0.3983582317034057,2.508456928769127,0.0
94,-2.0061226891321713,-28.74303893003094,-0.2874303893003094,2.508456928769127,0.0
95,-1.12654333329219,-17.802326866044027,-0.20749476244813936,2.508456928769127,0.0
96,-1.148734288870846,-22.352681031524646,-0.2265346509664954,2.508456928769127,0.0
97,-0.44783212879185175,-14.172687251929815,-0.32790837775452275,2.508456928769127,0.0
98,-0.5830892389398581,-11.00012977084236,-0.18474009252748425,2.508456928769127,0.0
99,-1.7481775273344327,-42.82100718844015,-0.4390404230762157,2.508456928769127,0.0
100,-1.7756731793783833,-38.49519598445323,-0.4190266698267453,2.508456928769127,0.0
101,-1.6342621112022624,-46.87048993173798,-0.4804780297943727,2.508456928769127,0.0
102,-1.5656355664560417,-37.33657084658738,-0.3956970193606192,2.508456928769127,0.0
103,-1.191267374933168,-27.822381046714582,-0.30401023398957283,2.508456928769127,0.0
104,-2.004301802322769,-47.109785452855526,-0.47611941041114514,2.508456928769127,0.0
105,-0.36233586231075937,-10.480743471129173,-0.2074766918166968,2.508456928769127,0.0
106,-2.115028081051138,-41.32809775352682,-0.43436073162859967,2.508456928769127,0.0
107,-2.0181036251350966,-41.339626401561155,-0.41382890407102446,2.508456928769127,0.0
108,-1.0225787281636807,-23.46969945973609,-0.2918937907343282,2.508456928769127,0.0
109,-2.5840612964583713,-43.845408870893486,-0.43990494929908186,2.508456928769127,0.0
110,-1.8179242579107593,-48.27803076525291,-0.486551921803991,2.508456928769127,0.0
111,-1.8265261165293782,-46.09926191892713,-0.4761785132439331,2.508456928769127,0.0
112,-1.142704970048554,-28.023507797904113,-0.3237173842161504,2.508456928769127,0.0
113,-1.2503612630776824,-22.638299484447465,-0.24975726447841606,2.508456928769127,0.0
114,-0.7766577551009348,-13.264327171717216,-0.18194789040073267,2.508456928769127,0.0
115,-1.7146340878391642,-45.74810777034229,-0.47338144739996546,2.508456928769127,0.0
116,0.07485455342943993,0.4160646728912809,-0.15923039178398435,2.508456928769127,0.0
117,-0.1402644870307905,-3.582768950615123,-0.14998412689350793,2.508456928769127,0.0
118,-1.013694595817531,-16.077150291758112,-0.18326184856243088,2.508456928769127,0.0
119,-2.1606678119974134,-50.91211514046681,-0.5281322754048814,2.508456928769127,0.0
120,-1.8817591494998651,-29.3116989842213,-0.2934515704153682,2.508456928769127,0.0
121,-1.044069121021349,-23.011373932461787,-0.2655860385578932,2.508456928769127,0.0
122,-0.7274990941056118,-31.064200989166036,-0.3853866293129954,2.508456928769127,0.0
123,-0.9745085761483354,-22.08951288626022,-0.236055378329052,2.508456928769127,0.0
124,-0.8010962535706253,-12.791767558194223,-0.1532780975283099,2.508456928769127,0.0
125,-2.797658614390667,-74.6471235255901,-0.7470062819831624,2.508456928769127,0.0
126,-1.6582742689572867,-31.00832920859148,-0.3323384974369813,2.508456928769127,0.0
127,-1.5152265039365838,-25.309259223063464,-0.2692603024234034,2.508456928769127,0.0
128,-0.9511471952259785,-20.8208887015613,-0.2586444892767832,2.508456928769127,0.0
129,-1.5087537020770072,-31.201417441901135,-0.3145932924857834,2.508456928769127,0.0
130,-0.8527804206857196,-14.05844711578913,-0.2070601852892585,2.508456928769127,0.0
131,-0.27208730968623934,-5.553230120325569,-0.14832185764079175,2.508456928769127,0.0
132,-1.627961372664389,-23.187202349301185,-0.25866772867819243,2.508456928769127,0.0
133,-1.7421993628923529,-29.1705896674064,-0.29996341153368267,2.508456928769127,0.0
134,-1.8491034480979174,-30.218160359879278,-0.3241586735240636,2.508456928769127,0.0
135,-1.441449827835605,-23.914535341265985,-0.29305788003111843,2.508456928769127,0.0
136,-1.4399952613717035,-32.98682011925288,-0.34361404942369955,2.508456928769127,0.0
137,-1.819106214803744,-29.18548294195398,-0.3161650855846061,2.508456928769127,0.0
138,-1.3942407168439646,-22.53194700316614,-0.24223113165714394,2.508456928769127,0.0
139,-0.9118803273585957,-22.3422446048942,-0.290593989941476,2.508456928769127,0.0
140,-1.3977522599858676,-27.315803288546636,-0.3304879672951814,2.508456928769127,0.0
141,-0.898395548107221,-17.68084625438061,-0.19182783864221886,2.508456928769127,0.0
142,-1.6847943385242248,-29.01010346370132,-0.29631968192899116,2.508456928769127,0.0
143,-2.249094319105352,-32.373612378564374,-0.3394002233426944,2.508456928769127,0.0
144,-1.7492100180802141,-23.618526926459083,-0.2644865391263397,2.508456928769127,0.0
145,-0.09390530864569949,-1.7730882220734157,-0.10403621627699322,2.508456928769127,0.0
146,-0.7941269453383084,-14.304586579982026,-0.15054589795801798,2.508456928769127,0.0
147,-0.5621921394520495,-12.70412428332557,-0.20909224940228932,2.508456928769127,0.0
148,0.5699542152227473,10.336594471542204,-0.10493030366966705,2.508456928769127,0.0
149,-1.4602398531173197,-31.16552893393424,-0.3321274199737708,2.508456928769127,0.0
150,-1.5595060911153267,-24.472779031712133,-0.2795763965129412,2.508456928769127,0.0
151,-0.0997698741947295,-2.0668529455759033,-0.09380162916869506,2.508456928769127,0.0
152,-2.069431093248151,-32.356348394777655,-0.3310779841084798,2.508456928769127,0.0
153,-1.3556598862003126,-38.892449153602335,-0.4053920566550454,2.508456928769127,0.0
154,-1.526773599062532,-29.247740152383717,-0.3048169237839933,2.508456928769127,0.0
155,-2.022246432648819,-38.678333904689396,-0.4033879127929322,2.508456928769127,0.0
156,-1.5320776328958563,-37.8190515289794,-0.41793652957015126,2.508456928769127,0.0
157,-0.799536038696135,-17.293329748741414,-0.1813306255616992,2.508456928769127,0.0
158,-0.4077920181334816,-7.093550667702841,-0.11605897374097052,2.508456928769127,0.0
159,-2.1593873301121547,-31.989248403232285,-0.32015839140973334,2.508456928769127,0.0
160,-1.4957229083108823,-27.15237777333577,-0.2724914666941024,2.508456928769127,0.0
161,-1.2985072221335514,-25.759703527160273,-0.2664141943752629,2.508456928769127,0.0
162,-1.2404387232266754,-21.369677185196412,-0.22574406696569604,2.508456928769127,0.0
163,-1.3218175110983483,-21.657631853430125,-0.2476648067663355,2.508456928769127,0.0
164,-1.6765067277153405,-48.54939850001267,-0.4997053148387105,2.508456928769127,0.0
165,-1.1263374931124273,-16.33459412605567,-0.19369392384023443,2.508456928769127,0.0
166,-1.7088312249934097,-45.42567433692055,-0.46040938879983917,2.508456928769127,0.0
167,-2.1859242672000705,-43.577572382205176,-0.44648704452173826,2.508456928769127,0.0
168,-0.8612117202641729,-12.933280008409342,-0.15685808573506077,2.508456928769127,0.0
169,-1.2467406483813595,-22.686502455589196,-0.2841842409662887,2.508456928769127,0.0
170,-0.02025701777949734,-1.5086352657334823,-0.13513704801264237,2.508456928769127,0.0
171,-0.736558766981602,-11.271876187244311,-0.137737492617663,2.508456928769127,0.0
172,-0.9196037222496236,-24.181324717678564,-0.279970551984825,2.508456928769127,0.0
173,-0.6091056989023623,-13.682996893578203,-0.24934996047900082,2.508456928769127,0.0
174,-2.7795630271559126,-46.23003256527481,-0.48569849051619784,2.508456928769127,0.0
175,-1.2412827921155414,-32.45802931765517,-0.3359622381647247,2.508456928769127,0.0
176,-1.1497315400082153,-32.20405519226248,-0.36078459605766766,2.508456928769127,0.0
177,-0.4426931380966876,-6.241091765631102,-0.1268773760931159,2.508456928769127,0.0
178,-1.8680432130115796,-49.19777047547935,-0.5033397947033398,2.508456928769127,0.0
179,-1.7276046564249021,-32.07990700772376,-0.3208413891791423,2.508456928769127,0.0
180,-1.6407130751819616,-40.043082719336574,-0.44969388826894274,2.508456928769127,0.0
181,-0.9299595779161184,-16.18099654695492,-0.1840014309424256,2.508456928769127,0.0
182,-0.9014531739165254,-30.599670217974705,-0.3564229684992567,2.508456928769127,0.0
183,-1.6049306734858777,-39.73418551186511,-0.4512819283606698,2.508456928769127,0.0
184,-0.9435790746827218,-28.720883303052304,-0.32885477079948133,2.508456928769127,0.0
185,-1.1040212622695156,-27.815557125146682,-0.3027454254980759,2.508456928769127,0.0
186,-1.7192076169050658,-38.986672691447346,-0.4362624924179608,2.508456928769127,0.0
187,-0.9615832251053802,-23.678965009748154,-0.30992504169216406,2.508456928769127,0.0
188,-0.3087054741852981,-6.174736661971824,-0.15026614769476543,2.508456928769127,0.0
189,-1.445504168478435,-23.61641186295138,-0.25570744296201686,2.508456928769127,0.0
190,-1.5069976981203972,-31.991800376439194,-0.3227018523903631,2.508456928769127,0.0
191,-2.567953900428368,-56.23354299838521,-0.5623354299838521,2.508456928769127,0.0
192,-2.238568553016915,-39.55973093609156,-0.4017885613717497,2.508456928769127,0.0
193,-0.17444004349990958,-4.634034005772813,-0.1520089852529044,2.508456928769127,0.0
194,-1.2872940226076253,-19.89634946738018,-0.2516336660695694,2.508456928769127,0.0
195,-0.3048304170952638,-8.190894751100641,-0.18665602545780857,2.508456928769127,0.0
196,-1.623204163787906,-27.884927145420026,-0.3110184351863562,2.508456928769127,0.0
197,-0.9443400110559291,-19.813206996444944,-0.20247359453229596,2.508456928769127,0.0
198,-2.7844515383394897,-56.59852887473726,-0.5688927435624331,2.508456928769127,0.0
199,-1.403055411241934,-37.65346446640714,-0.39041623276597526,2.508456928769127,0.0
200,-1.59594616953456,-35.63229920992188,-0.3634505434982197,2.508456928769127,0.0
201,-0.2516126613893973,-5.960832496430079,-0.13942806015223008,2.508456928769127,0.0
202,-1.3883876841909233,-17.180759950086756,-0.18532475749759825,2.508456928769127,0.0
203,-1.9164020387096288,-33.1952348761025,-0.337904756460934,2.508456928769127,0.0
204,-1.0458548175426485,-25.613861939228467,-0.2967791289940651,2.508456928769127,0.0
205,-1.9624248818854206,-40.10803424421435,-0.41267730395334623,2.508456928769127,0.0
206,-1.5203151526844485,-28.138899855813904,-0.328801111560141,2.508456928769127,0.0
207,-1.4173019158511744,-27.76040925307325,-0.3703980089761377,2.508456928769127,0.0
208,-1.1857762215271352,-24.772433385224492,-0.26893830419465536,2.508456928769127,0.0
209,-1.7724984850899281,-48.209143222187286,-0.48665899510730715,2.508456928769127,0.0
210,-1.293735738128593,-36.75105073896919,-0.40736885655653987,2.508456928769127,0.0
211,-1.2815322760044157,-24.705864895290453,-0.30340146183223027,2.508456928769127,0.0
212,-0.868898005634072,-18.940907331305635,-0.20145428194602233,2.508456928769127,0.0
213,-0.7129799900423702,-14.72503078144014,-0.16158798929882745,2.508456928769127,0.0
214,-1.080544492413995,-23.70108422179207,-0.2619337814866938,2.508456928769127,0.0
215,-1.3227981554406043,-21.518868975293913,-0.2314726436532698,2.508456928769127,0.0
216,-0.7162917718714173,-23.87561815583559,-0.33902197483003227,2.508456928769127,0.0
217,-0.7828541450997824,-14.79213085922545,-0.16359160672428674,2.508456928769127,0.0
218,-1.5026798485800903,-29.3350037882668,-0.3121129546929362,2.508456928769127,0.0
219,-0.5958270923655757,-9.044472473580367,-0.16937734471469745,2.508456928769127,0.0
220,-0.794619205320315,-14.202481139152301,-0.16826041768954192,2.508456928769127,0.0
221,-0.8033300463582685,-12.756850115974672,-0.1557123643204693,2.508456928769127,0.0
222,-1.2013597914956684,-20.048847104150248,-0.21778267027635667,2.508456928769127,0.0
223,-2.392658576803558,-48.69327804667572,-0.48790663383646893,2.508456928769127,0.0
224,-1.1660509424862102,-27.10100969756879,-0.29483212614693,2.508456928769127,0.0
225,-1.482273013544608,-23.582525502122976,-0.2382473848574489,2.508456928769127,0.0
226,-1.1708418175692001,-18.6797553384342,-0.18836141879527257,2.508456928769127,0.0
227,-0.7542419331636122,-18.571048783228417,-0.2764220935556402,2.508456928769127,0.0
228,-1.8531312647197862,-47.71373655475638,-0.4809523726760021,2.508456928769127,0.0
229,-1.188511021096591,-26.59755554146077,-0.3350961356441138,2.508456928769127,0.0
230,-1.0098673393264543,-16.807757344043782,-0.19701334371977197,2.508456928769127,0.0
231,0.3228665104228605,6.898426441933814,-0.10531776131809001,2.508456928769127,0.0
232,-1.3342884010862643,-48.69397400909396,-0.4975047794190197,2.508456928769127,0.0
233,-1.8746963990851726,-36.149036486095895,-0.3738171843229582,2.508456928769127,0.0
234,0.11458638076124518,0.7668024797513162,-0.29868494119027844,2.508456928769127,0.0
235,-2.0011366330068894,-47.46762308445194,-0.4846100769961226,2.508456928769127,0.0
236,-0.5000435185795769,-9.26891089285309,-0.12160393509947576,2.508456928769127,0.0
237,-1.8188369812505838,-28.38322510373372,-0.2847601443257227,2.508456928769127,0.0
238,-0.1729036004250946,-4.01004794119022,-0.1451262389204241,2.508456928769127,0.0
239,-0.6735379168600186,-14.436012196415504,-0.2216230882232917,2.508456928769127,0.0
240,-2.589416443293447,-44.84582918026611,-0.45867670083797496,2.508456928769127,0.0
241,-1.3471887811564627,-21.357836596084766,-0.2277442121332962,2.508456928769127,0.0
242,0.07186201858262432,0.4796656638879071,-0.1118482463771171,2.508456928769127,0.0
243,-1.439182442580754,-31.504271322553613,-0.34710653958128923,2.508456928769127,0.0
244,-1.7485744945265258,-23.684135354582068,-0.24673339553970142,2.508456928769127,0.0
245,-1.8581202237480041,-41.304124296894905,-0.4376459205050949,2.508456928769127,0.0
246,-0.2805701283307187,-6.871078676836262,-0.15428554178100917,2.508456928769127,0.0
247,-1.169250575380675,-20.808651964295855,-0.22589371876677444,2.508456928769127,0.0
248,-2.1840179061824765,-49.68839337156999,-0.49971346608953726,2.508456928769127,0.0
249,-2.4883342356211284,-52.2836147297299,-0.5294635141704476,2.508456928769127,0.0
250,-0.9154262389512333,-21.5393726369038,-0.3060783199756306,2.508456928769127,0.0
251,-2.2552174652337698,-64.63109474707576,-0.6517379685321378,2.508456928769127,0.0
252,-1.5855225279181606,-37.75503699993995,-0.39520638330081914,2.508456928769127,0.0
253,-1.2214353042237507,-25.638105986831338,-0.36531162618736146,2.508456928769127,0.0
254,-1.0072301406553932,-17.19860901084228,-0.17766125122510457,2.508456928769127,0.0
255,-1.6364003079187444,-27.19854977009667,-0.2857814704197663,2.508456928769127,0.0
256,-1.2956574079511742,-20.881267780827063,-0.2313411820529282,2.508456928769127,0.0
257,-0.8153494461891332,-32.44861692042373,-0.3329866080171804,2.508456928769127,0.0
258,-1.2787508335115114,-40.69693843629402,-0.4224545970087674,2.508456928769127,0.0
259,-1.1245650030507124,-21.140270846917296,-0.25950391890385105,2.508456928769127,0.0
260,-0.832871607113184,-20.84768676466894,-0.3155507365210146,2.508456928769127,0.0
261,-0.6741298986224338,-8.774961446907326,-0.11173800532365785,2.508456928769127,0.0
262,-2.251764757361005,-36.1530465159414,-0.3709113753504334,2.508456928769127,0.0
263,-1.3303861123818477,-22.860614472611474,-0.23937479737747558,2.508456928769127,0.0
264,-1.1641721666736828,-29.93344908493466,-0.3087449793159419,2.508456928769127,0.0
265,-2.2959541228581895,-35.15977037269804,-0.3515977037269804,2.508456928769127,0.0
266,-1.5051651453824877,-24.689624411805166,-0.27103119917348306,2.508456928769127,0.0
267,-1.314253185224976,-32.64081076602915,-0.3393479715867913,2.508456928769127,0.0
268,-0.894910535099427,-22.894066218503106,-0.2901251562206273,2.508456928769127,0.0
269,-1.2157996924812975,-21.426447575827755,-0.2744473790168199,2.508456928769127,0.0
270,-1.1946244798924333,-29.913064465092432,-0.38883809916214696,2.508456928769127,0.0
271,-1.6629643947135564,-28.40713002485674,-0.2914637781531507,2.508456928769127,0.0
272,-0.5884367123150196,-12.698348493077772,-0.21131627730139724,2.508456928769127,0.0
273,-1.3789137242052008,-26.45240511317388,-0.27292532936829306,2.508456928769127,0.0
274,-0.9910278570716408,-16.74719612439001,-0.18125814673606744,2.508456928769127,0.0
275,-0.5571295971900336,-19.21746547633957,-0.38185990529841085,2.508456928769127,0.0
276,-0.6754944979770829,-24.94418375789884,-0.38879811329274805,2.508456928769127,0.0
277,-0.3338497937958287,-7.913393420981629,-0.19302924337461447,2.508456928769127,0.0
278,-0.757571479428131,-28.61755002868207,-0.41127693217409844,2.508456928769127,0.0
279,-0.7859540529255298,-33.95220698858841,-0.34009547247063443,2.508456928769127,0.0
280,-1.9423431517715237,-38.124476767423346,-0.40378313974389746,2.508456928769127,0.0
281,-0.3230824806313443,-6.675781601511066,-0.159535191260592,2.508456928769127,0.0
282,-1.453917248989314,-27.732193413561912,-0.28731284775123167,2.508456928769127,0.0
283,-1.0784658669423666,-21.655222623557325,-0.2596199997591102,2.508456928769127,0.0
284,-2.0521942448270156,-31.30661754827725,-0.31398979573299735,2.508456928769127,0.0
285,-1.9448411485676405,-48.519733015248946,-0.5079020836063637,2.508456928769127,0.0
286,-0.8391935125155742,-17.512356796941408,-0.2420897076722155,2.508456928769127,0.0
287,-0.9925199224038896,-61.43137882195586,-0.6699666091533445,2.508456928769127,0.0
288,-1.8096216165534016,-49.99682063065396,-0.505396013519408,2.508456928769127,0.0
289,-0.4786453475026241,-7.1809336638605785,-0.12263459876578042,2.508456928769127,0.0
290,-1.9626043426458177,-27.75174742859229,-0.28501030717068043,2.508456928769127,0.0
291,-1.498777981432457,-35.44964161104366,-0.35602980617047597,2.508456928769127,0.0
292,-2.014673560234194,-49.38324980428224,-0.5249285116720637,2.508456928769127,0.0
293,-1.7596934920741045,-32.08610661545907,-0.3446581803910569,2.508456928769127,0.0
294,-0.542482755709844,-12.622424176198056,-0.21157210798427661,2.508456928769127,0.0
295,-1.347078713652575,-38.48690547718378,-0.4013295505424286,2.508456928769127,0.0
296,0.04743518774385008,-0.3816749326489455,-0.11900882144536995,2.508456928769127,0.0
297,-1.4311786897200078,-22.188354765680053,-0.24536763239986392,2.508456928769127,0.0
298,0.3004856623688833,5.224215074123828,-0.08239428447195363,2.508456928769127,0.0
299,-1.6132400829500666,-28.527523051524373,-0.3109949690413,2.508456928769127,0.0
300,-0.6767713329988925,-18.567838819906356,-0.25181045913624966,2.508456928769127,0.0
301,-0.9499529760096149,-28.473784558334824,-0.36396341891633943,2.508456928769127,0.0
302,-1.312422474439294,-28.573143270549185,-0.30431540659673284,2.508456928769127,0.0
303,-0.38296470187687204,-21.501742284206106,-0.4088874953721373,2.508456928769127,0.0
304,-0.4746790896292727,-30.242001983684187,-0.4208761478058731,2.508456928769127,0.0
305,-0.8961469952088624,-18.69726554948753,-0.23564803384030153,2.508456928769127,0.0
306,-2.6865916784294344,-47.11357749641144,-0.47495967236688985,2.508456928769127,0.0
307,-1.5764131271618456,-26.373547669669428,-0.2800494205458335,2.508456928769127,0.0
308,-1.6584709916462408,-34.622398933707096,-0.3682928848230569,2.508456928769127,0.0
309,-2.0974393778851836,-54.437747237398696,-0.5455190269745596,2.508456928769127,0.0
310,-1.5136821485185286,-35.437738594704015,-0.3608372941197767,2.508456928769127,0.0
311,-0.2998806820251102,-5.808807786234427,-0.16415794342861856,2.508456928769127,0.0
312,-1.0491294150637533,-20.98259506169312,-0.21493315889133413,2.508456928769127,0.0
313,-1.0518513819045454,-45.53121522921315,-0.4793094816265331,2.508456928769127,0.0
314,-1.0673015365901803,-21.604210528549427,-0.2365164235908196,2.508456928769127,0.0
315,-2.0360475765620434,-45.03315820264531,-0.46536916537744366,2.508456928769127,0.0
316,-0.5179584983141367,-11.780623702306581,-0.23769402416565866,2.508456928769127,0.0
317,-1.325771636678176,-25.456330134788395,-0.3244485890570852,2.508456928769127,0.0
318,-0.6845938792502076,-20.265400780257735,-0.3069457705231904,2.508456928769127,0.0
319,-1.6694682632457032,-40.673429715712615,-0.40673429715712617,2.508456928769127,0.0
320,-0.7254178715607292,-13.02171869755191,-0.15283068263233546,2.508456928769127,0.0
321,-2.56828360827286,-37.765559882818835,-0.3796591874177775,2.508456928769127,0.0
322,-1.8237861350957902,-42.05655103797905,-0.44124656297565745,2.508456928769127,0.0
323,-2.3319372925485506,-55.085056696225756,-0.570520264296103,2.508456928769127,0.0
324,-0.22971647721012292,-4.40582019679483,-0.12837071839539038,2.508456928769127,0.0
325,-1.7062856354162126,-41.34490926916977,-0.4262380192101932,2.508456928769127,0.0
326,-1.7754953894149292,-31.507092013965345,-0.3566448871715979,2.508456928769127,0.0
327,-0.9911762726819524,-21.5770137659544,-0.25649311832581234,2.508456928769127,0.0
328,-1.0239028776589965,-16.584631701191466,-0.2477572061277279,2.508456928769127,0.0
329,-1.5117723764465207,-33.01369876684145,-0.34166029241556417,2.508456928769127,0.0
330,-0.6008041108034029,-10.520110303966067,-0.14735089895847975,2.508456928769127,0.0
331,-1.2298845005503372,-24.34174571607458,-0.29711334866033656,2.508456928769127,0.0
332,-1.4401580198632624,-20.318022600967545,-0.2269003824744943,2.508456928769127,0.0
333,-1.5456540209768213,-40.34439862926682,-0.4072292973027577,2.508456928769127,0.0
334,-1.3735703602099372,-25.386468046566478,-0.29570508334201995,2.508456928769127,0.0
335,-1.5607337676841062,-31.334710303228086,-0.34723893197303257,2.508456928769127,0.0
336,-1.4440471464791682,-32.50282018017197,-0.34731371332739835,2.508456928769127,0.0
337,-1.308452291461126,-22.252062992268574,-0.22252062992268573,2.508456928769127,0.0
338,-2.5540811923200706,-49.57410285522309,-0.5093241805810527,2.508456928769127,0.0
339,-1.9556876436872614,-39.013518995466235,-0.4045186123796245,2.508456928769127,0.0
340,-0.47986722315739055,-10.34996933772696,-0.16871311048334325,2.508456928769127,0.0
341,-1.3784042571916726,-23.15333649740554,-0.2849923875267073,2.508456928769127,0.0
342,-1.7349693564317905,-36.644436898570866,-0.3665388993949995,2.508456928769127,0.0
343,-2.355738328976273,-46.03387908477231,-0.4603387908477231,2.508456928769127,0.0
344,-0.9237729749724757,-41.27244823760328,-0.4635722344699045,2.508456928769127,0.0
345,0.22144684223130845,4.480087529516541,-0.18453187928526005,2.508456928769127,0.0
346,-1.2032234525065293,-22.03552271656798,-0.23330814855353643,2.508456928769127,0.0
347,-1.6399863384824662,-50.53899454997749,-0.5151633051862605,2.508456928769127,0.0
348,-1.8661147598697998,-24.032139408187682,-0.26033473181375577,2.508456928769127,0.0
349,0.6581747393909538,8.451697696338535,-0.05324353856656405,2.508456928769127,0.0
350,-1.4510834603839893,-38.86908637225683,-0.388692599530704,2.508456928769127,0.0
351,-1.5412062244970801,-51.84651122785269,-0.5438835208506774,2.508456928769127,0.0
352,-1.7935163870827582,-28.267815825812438,-0.2828325122026104,2.508456928769127,0.0
353,-0.766650049695615,-12.063589721064606,-0.1477019868828463,2.508456928769127,0.0
354,-0.2239008627133406,-5.380258004045791,-0.17861439093278686,2.508456928769127,0.0
355,-0.6983863209577591,-11.001888931444414,-0.12280898834262388,2.508456928769127,0.0
356,-1.048158194405898,-15.535429390850354,-0.19263406082345236,2.508456928769127,0.0
357,-0.30437229781725406,-6.080203346439738,-0.14961263960811955,2.508456928769127,0.0
358,-1.9394105871952385,-25.767774023936962,-0.31992012836771366,2.508456928769127,0.0
359,-0.8867626399114015,-17.792945201760592,-0.2733223755286439,2.508456928769127,0.0
360,-0.7355196740391976,-14.478736141431403,-0.16150900107362598,2.508456928769127,0.0
361,-2.1037966421282426,-32.497947330374245,-0.3430737157456387,2.508456928769127,0.0
362,-1.635708758771369,-30.5505099573018,-0.31308016697431384,2.508456928769127,0.0
363,-1.6659803807253613,-34.43966798842487,-0.35364063175510163,2.508456928769127,0.0
364,-1.1703379064279191,-19.10936277343962,-0.24740605497061885,2.508456928769127,0.0
365,-1.8040830240367811,-30.369066784393638,-0.3401892088195436,2.508456928769127,0.0
366,-1.235781724932721,-20.246287906798354,-0.20246287906798355,2.508456928769127,0.0
367,-1.3343495491405786,-35.72252212759645,-0.3726659215267313,2.508456928769127,0.0
368,-1.3618547444417823,-40.36682035320518,-0.4101878501778109,2.508456928769127,0.0
369,-1.2663611091678586,-19.27819317819178,-0.23548136815026444,2.508456928769127,0.0
370,-0.9504942979344643,-17.493697714499156,-0.22085875711681946,2.508456928769127,0.0
371,-1.5073850380012268,-31.376818670846173,-0.31574741529025085,2.508456928769127,0.0
372,-2.634220525099942,-44.256244249051555,-0.4691300252099593,2.508456928769127,0.0
373,-1.8185424858264059,-28.158431937043048,-0.30414333930706616,2.508456928769127,0.0
374,-1.4562921043708301,-27.04560088999588,-0.2986470693625709,2.508456928769127,0.0
375,-0.7906712449262602,-18.708347644817525,-0.20510012496433727,2.508456928769127,0.0
376,-1.0149309123098211,-20.240929209375615,-0.26156366331209213,2.508456928769127,0.0
377,-1.2146507986387647,-22.034911126381974,-0.2706093137177086,2.508456928769127,0.0
378,-1.2593612953182143,-40.182739475138675,-0.4034291081836764,2.508456928769127,0.0
379,-1.4838521782563898,-36.845526866684,-0.3966326464545983,2.508456928769127,0.0
380,-2.516976100781762,-52.27848829358752,-0.5255298215861772,2.508456928769127,0.0
381,-0.8800315922401851,-19.120387659275984,-0.21379538375614293,2.508456928769127,0.0
382,-0.26138258696523015,-5.599673105789515,-0.17055538290226213,2.508456928769127,0.0
383,-1.0389826762204495,-19.400499951349047,-0.24586990604418568,2.508456928769127,0.0
384,-2.1844789275643497,-41.992056127913436,-0.4416902265447269,2.508456928769127,0.0
385,-0.5745818273867533,-8.032510862402164,-0.12764046813944718,2.508456928769127,0.0
386,-0.2315913376841844,-8.209055156217637,-0.14435928343443838,2.508456928769127,0.0
387,-0.5919533558397632,-16.027770032788503,-0.2522089821179515,2.508456928769127,0.0
388,-1.3789717820457812,-48.056238178220966,-0.4888256532129128,2.508456928769127,0.0
389,-1.1236667672861755,-23.121238372187513,-0.31520755607758055,2.508456928769127,0.0
390,-1.5850202087975687,-37.82477413390932,-0.40029623286479044,2.508456928769127,0.0
391,-2.138479040496051,-42.63868512127714,-0.42712195841919987,2.508456928769127,0.0
392,-0.5135381826791701,-20.869267745013055,-0.25206485118399624,2.508456928769127,0.0
393,-1.3379974285388365,-41.84328437761376,-0.48433985843719607,2.508456928769127,0.0
394,-1.1862663122128754,-33.45507228682152,-0.3754754460346197,2.508456928769127,0.0
395,-0.42612046433549644,-10.593024616354906,-0.14431956576612648,2.508456928769127,0.0
396,-1.814578358063941,-26.25727427937449,-0.28760613055751005,2.508456928769127,0.0
397,-0.7859863049655829,-15.973430733827243,-0.24420271214861622,2.508456928769127,0.0
398,-0.9901218364275163,-19.880389452559953,-0.21931203260365317,2.508456928769127,0.0
399,-1.2662245138490604,-21.90788964220466,-0.25467434437855907,2.508456928769127,0.0
400,-2.5372634640562177,-52.54324496048517,-0.5256787812893444,2.508456928769127,0.0
401,-1.6180657210167368,-27.13362204154235,-0.2984275829970213,2.508456928769127,0.0
402,-1.387947636178872,-64.5952269785514,-0.6670953146082329,2.508456928769127,0.0
403,-1.5614062155971724,-38.218415533355675,-0.38218415533355676,2.508456928769127,0.0
404,-1.022435472822817,-17.14751901837033,-0.1720543330457952,2.508456928769127,0.0
405,-1.3150528688066043,-30.45453971371579,-0.34525457322914976,2.508456928769127,0.0
406,0.35214981350108815,7.283979961902198,-0.10491653152897851,2.508456928769127,0.0
407,-2.3248966194089364,-36.50260303469498,-0.3650260303469498,2.508456928769127,0.0
408,-0.19460517669649283,-6.705248335151048,-0.2356415435600736,2.508456928769127,0.0
409,-1.7226951468879617,-32.56602919961712,-0.35172998720365534,2.508456928769127,0.0
410,-0.8935579930458468,-13.914197987565258,-0.17841374635527663,2.508456928769127,0.0
411,-0.6788253146290271,-12.481903460587107,-0.2335732405796631,2.508456928769127,0.0
412,-1.9438355401176963,-37.99836859740775,-0.397828316435456,2.508456928769127,0.0
413,-0.9717008576862148,-19.12040411171797,-0.2313928447443867,2.508456928769127,0.0
414,-1.1601284446781455,-34.90049465190559,-0.3510205763603744,2.508456928769127,0.0
415,-0.9298448550916355,-14.767340122468653,-0.16574422760163876,2.508456928769127,0.0
416,-1.3918791929692909,-29.378915746637656,-0.3320512489651186,2.508456928769127,0.0
417,-0.405646955775562,-12.204597399685191,-0.312770503995053,2.508456928769127,0.0
418,-1.0428059321097294,-22.190614229969274,-0.2939108633199826,2.508456928769127,0.0
419,-2.8232073832439917,-39.86489395593051,-0.39864893955930514,2.508456928769127,0.0
420,-2.0142673116373526,-42.33849157197513,-0.4247155025804388,2.508456928769127,0.0
421,-1.3355313966467295,-35.65864494625299,-0.35914115508446454,2.508456928769127,0.0
422,-1.6737471418139847,-35.80478967949246,-0.3592388154453874,2.508456928769127,0.0
423,0.25347508246594314,5.735880735344923,-0.16782135609644633,2.508456928769127,0.0
424,-2.432916605017567,-45.976044680591244,-0.46392960131270067,2.508456928769127,0.0
425,0.11993925656203432,1.4732845673733452,-0.20907703809847533,2.508456928769127,0.0
426,-1.9212445170605976,-37.352079199881025,-0.38726847971794454,2.508456928769127,0.0
427,-1.7489082842675594,-30.681065649607277,-0.34217081560326756,2.508456928769127,0.0
428,-0.9943583506985532,-29.758998253688972,-0.32439061545318126,2.508456928769127,0.0
429,-1.6440833558610746,-25.1424165967174,-0.2741457136660419,2.508456928769127,0.0
430,-0.9794536684565681,-22.875303624141562,-0.23243861212181482,2.508456928769127,0.0
431,-0.5600736054747177,-14.12708159801721,-0.18074335312697853,2.508456928769127,0.0
432,-1.467762662940255,-22.37902173314391,-0.275098408908532,2.508456928769127,0.0
433,-0.3656980631635545,-5.405375266052448,-0.10280560117817539,2.508456928769127,0.0
434,-1.3747444487211182,-33.6694646039775,-0.3397146158763412,2.508456928769127,0.0
435,-0.6189284786485504,-10.911038294823372,-0.15706185339422385,2.508456928769127,0.0
436,-1.250222105759903,-28.478800872619626,-0.2944899356777304,2.508456928769127,0.0
437,-1.0726000010185297,-19.738078571580996,-0.2571631908341512,2.508456928769127,0.0
438,-2.593684797928791,-43.636316342268714,-0.4415682482612281,2.508456928769127,0.0
439,-1.0007692486369077,-17.626456869600037,-0.2149248362468884,2.508456928769127,0.0
440,-1.2369859597380186,-18.829137119689676,-0.21702675871091448,2.508456928769127,0.0
441,-1.6607952283636818,-47.99416048697148,-0.5045587835464869,2.508456928769127,0.0
442,-1.1252502243225042,-24.10456933117524,-0.24251514953630138,2.508456928769127,0.0
443,-0.5407562401146587,-11.785072699452105,-0.1947101345351886,2.508456928769127,0.0
444,-0.880626428510158,-17.74437371275721,-0.20248976325910317,2.508456928769127,0.0
445,-1.8899701113432672,-30.42769134516733,-0.3219070214953036,2.508456928769127,0.0
446,-1.6689086872742631,-26.757019769485556,-0.32171136204951145,2.508456928769127,0.0
447,-2.2744878505279056,-40.18381857177676,-0.40262071385505294,2.508456928769127,0.0
448,-0.5386982949943072,-14.325454901746692,-0.3073280558878545,2.508456928769127,0.0
449,-2.0534120649014436,-42.50684893687373,-0.448864478170798,2.508456928769127,0.0
450,-1.4959845532986147,-35.86411421720926,-0.3614540953160248,2.508456928769127,0.0
451,-0.663045997338447,-26.125189200780753,-0.39928840027083357,2.508456928769127,0.0
452,-2.0648509857973454,-48.83700897094827,-0.4888136513858885,2.508456928769127,0.0
453,-1.0436348269299627,-19.288341393335816,-0.21108144241683957,2.508456928769127,0.0
454,-0.6157063960057098,-11.791667565567277,-0.20800995853667137,2.508456928769127,0.0
455,-1.3565230921831997,-27.510079002936173,-0.2938512598669867,2.508456928769127,0.0
456,-0.819291854342523,-24.56528090536144,-0.28075283994920397,2.508456928769127,0.0
457,-1.0798409897740218,-19.52984677217452,-0.21006099298463676,2.508456928769127,0.0
458,-1.65798863732865,-50.730383679702996,-0.5188938501330729,2.508456928769127,0.0
459,-1.8146845737631374,-55.06738944567218,-0.5674037230997964,2.508456928769127,0.0
460,-1.58495374630109,-26.896905254489845,-0.2976645762004263,2.508456928769127,0.0
461,0.157785257453212,2.0095735478940613,-0.09582959294001958,2.508456928769127,0.0
462,-1.4319759844487525,-27.479779800245076,-0.31405348261932386,2.508456928769127,0.0
463,-1.6624145142269644,-30.818800489980227,-0.3203586944300496,2.508456928769127,0.0
464,-0.3915780158739865,-7.604487622840428,-0.2437863932286879,2.508456928769127,0.0
465,-0.8308429037619455,-20.035730368000394,-0.20788482448179568,2.508456928769127,0.0
466,-0.339495511862925,-7.011144257609758,-0.17613877539390954,2.508456928769127,0.0
467,-0.4850511469536676,-12.408426034621911,-0.24823145720858308,2.508456928769127,0.0
468,-2.028418892941071,-36.96789359674506,-0.41210620654724706,2.508456928769127,0.0
469,-1.1553067526814942,-21.158899442159306,-0.30054309818261027,2.508456928769127,0.0
470,-0.07498030121613716,-2.035328286636595,-0.17019550138458128,2.508456928769127,0.0
471,-1.2558315198215728,-23.684970771630866,-0.2702418201933019,2.508456928769127,0.0
472,-0.770395530892453,-16.187268571586554,-0.2797975441827162,2.508456928769127,0.0
473,-1.801989895879614,-38.734772042287915,-0.409911722661195,2.508456928769127,0.0
474,-2.115548181432593,-28.893636012317636,-0.3153573466954458,2.508456928769127,0.0
475,-1.7496063077365394,-25.414020817005746,-0.2548794772187516,2.508456928769127,0.0
476,-2.527879641153491,-67.67821651248926,-0.6867921676446189,2.508456928769127,0.0
477,0.10756316818804543,1.1788601770047258,-0.1499921952281177,2.508456928769127,0.0
478,-1.8147112347511818,-36.565750851697956,-0.37608836964743075,2.508456928769127,0.0
479,-0.9344962399564272,-14.984857313988808,-0.17672868110450368,2.508456928769127,0.0
480,-2.546283907023719,-60.13991507570176,-0.6173452420538601,2.508456928769127,0.0
481,-1.1851425508444584,-29.789192500040286,-0.35017614921110685,2.508456928769127,0.0
482,-1.4437374961796943,-34.52492401480938,-0.37053227058850324,2.508456928769127,0.0
483,-0.3502549326389042,-5.284627835423872,-0.11159641422858402,2.508456928769127,0.0
484,-0.9062417149458368,-19.395757192932606,-0.2178212788842948,2.508456928769127,0.0
485,-1.4748270365348937,-19.129547589917117,-0.20092456856065322,2.508456928769127,0.0
486,-0.9626283307100333,-20.523357638381135,-0.24066400612885963,2.508456928769127,0.0
487,-1.5149664372118201,-27.187627589152473,-0.2848096215638174,2.508456928769127,0.0
488,-0.06624927608898312,-2.0627055114030735,-0.1716537578757723,2.508456928769127,0.0
489,-1.6714721862771886,-41.096150882200575,-0.4242539790828871,2.508456928769127,0.0
490,-1.1390577485516649,-17.944037830378335,-0.21039090924796755,2.508456928769127,0.0
491,0.5051340142074969,9.047451331385027,-0.12933152135136783,2.508456928769127,0.0
492,-1.040177660605108,-18.860430701346452,-0.3012339210662992,2.508456928769127,0.0
493,-0.6256312635845654,-12.109600272507192,-0.1560987724330557,2.508456928769127,0.0
494,-0.1280265777966473,-3.244113196537002,-0.09536639180827455,2.508456928769127,0.0
495,-1.205403833157845,-25.337211639601463,-0.3017400410126406,2.508456928769127,0.0
496,-1.5047084527742127,-31.530423044484646,-0.3435712612243432,2.508456928769127,0.0
497,-0.12996017633337548,-3.286292197493035,-0.14412250887553313,2.508456928769127,0.0
498,-0.6510367113258085,-12.273318905607189,-0.17928128133124677,2.508456928769127,0.0
499,-1.8574899800325464,-38.24693127637961,-0.4038215789827547,2.508456928769127,0.0
500,-0.46622675868805885,-10.359156873581487,-0.17290300070984455,2.508456928769127,0.0
501,-1.0342467050958006,-24.69102737439148,-0.3758388020646427,2.508456928769127,0.0
502,-1.3780236767159417,-42.13403824414752,-0.4448285200736245,2.508456928769127,0.0
503,-1.172122239613673,-19.009312004802336,-0.26372828541230753,2.508456928769127,0.0
504,-1.460333391563111,-26.3157593777802,-0.2997998100137679,2.508456928769127,0.0
505,-0.9699650307053364,-17.449168368884692,-0.21944234497785364,2.508456928769127,0.0
506,-1.1654012266864695,-28.12936990308106,-0.34037325814225705,2.508456928769127,0.0
507,-1.4290080229428697,-30.034091008586984,-0.34017253678616843,2.508456928769127,0.0
508,-1.1498797778478576,-33.74268285454676,-0.4110165763827708,2.508456928769127,0.0
509,-1.093901112728398,-23.996698696744,-0.29819449215423577,2.508456928769127,0.0
510,-0.9907996243788676,-20.6469108840057,-0.24737666526128443,2.508456928769127,0.0
511,-2.536895101518252,-60.676853034820375,-0.6145681598083925,2.508456928769127,0.0
512,-1.419810780189888,-22.758047467590536,-0.23480160719229326,2.508456928769127,0.0
513,-0.8850896584892572,-24.17249152837152,-0.3277535483375237,2.508456928769127,0.0
514,-1.9350208879480306,-38.261104719249886,-0.4041246954323574,2.508456928769127,0.0
515,-2.232471041900907,-34.108801907957066,-0.346429162572261,2.508456928769127,0.0
516,-2.1202046789355657,-54.80943264461216,-0.5624818508731458,2.508456928769127,0.0
517,-1.216643456977992,-21.839046690097785,-0.23407065949292916,2.508456928769127,0.0
518,-0.9000443705311287,-27.34392250268064,-0.2863933478331111,2.508456928769127,0.0
519,-1.8313498161212332,-50.13166926053068,-0.5048012008256015,2.508456928769127,0.0
520,-1.2484285980123315,-24.276747161926338,-0.294871108392766,2.508456928769127,0.0
521,-1.1615067472906009,-18.221574497317395,-0.23503322781699065,2.508456928769127,0.0
522,-0.7604082568875913,-25.152183651847825,-0.3503398691011115,2.508456928769127,0.0
523,-0.7238398229467786,-11.567364301151562,-0.12782586673785667,2.508456928769127,0.0
524,-2.8533763943596586,-48.50609205003106,-0.48948987762249907,2.508456928769127,0.0
525,-1.5062200812721078,-28.857327432603253,-0.29043843416336546,2.508456928769127,0.0
526,-1.215659642729905,-24.413805009478075,-0.26084880884717865,2.508456928769127,0.0
527,-0.9720178998198215,-15.41014636967829,-0.1872531409971535,2.508456928769127,0.0
528,-0.9315173947087366,-13.746728428312194,-0.17305689299212312,2.508456928769127,0.0
529,-2.365200997365622,-35.93850925445642,-0.3706980328664927,2.508456928769127,0.0
530,-2.2543628222034506,-40.88075727157431,-0.4195077183243129,2.508456928769127,0.0
531,-1.3681842604183163,-44.891517696354946,-0.48943205196979145,2.508456928769127,0.0
532,-0.3322888703178121,-6.952630336391508,-0.14475502095296655,2.508456928769127,0.0
533,-1.1310091642620426,-21.102122605580696,-0.2326491357429048,2.508456928769127,0.0
534,-0.23888159075219115,-12.216162817584298,-0.32065163733601043,2.508456928769127,0.0
535,-1.1153447315006912,-27.74350757001135,-0.3060537749156108,2.508456928769127,0.0
536,-0.11321728818330486,-2.7743825743208994,-0.17204328071407726,2.508456928769127,0.0
537,-0.9006723301037654,-19.24442850659429,-0.21160082535834235,2.508456928769127,0.0
538,-1.5370445510442114,-28.38132544041606,-0.3274725759237943,2.508456928769127,0.0
539,-0.6943338418009901,-10.412414481027321,-0.16573563379532097,2.508456928769127,0.0
540,-0.8012218314047487,-13.2090121042988,-0.14832804523323007,2.508456928769127,0.0
541,-1.0866048718680288,-56.432243732692186,-0.6369274803291354,2.508456928769127,0.0
542,-1.9813843922915086,-45.499800590986375,-0.4815674176270679,2.508456928769127,0.0
543,-1.4518413385848732,-31.82487789145183,-0.3323980918204221,2.508456928769127,0.0
544,-1.3791048622370903,-35.41179394356041,-0.3596859254307324,2.508456928769127,0.0
545,-0.46351252711527574,-7.246792404228708,-0.1738253387759715,2.508456928769127,0.0
546,-1.017505832192036,-26.589297704177174,-0.38599431180504273,2.508456928769127,0.0
547,-1.4066786316931952,-35.679198191256155,-0.3590771508259064,2.508456928769127,0.0
548,-0.6473134245935044,-21.83960113009149,-0.31618474546137565,2.508456928769127,0.0
549,-0.6218119219226615,-15.009678106104275,-0.2340440747071857,2.508456928769127,0.0
550,-1.0749776785621559,-20.05407236271847,-0.270049085901363,2.508456928769127,0.0
551,-0.8843790539533396,-20.4583213823572,-0.28673546845462194,2.508456928769127,0.0
552,-1.0005810073085026,-25.13179087061269,-0.37487642157752,2.508456928769127,0.0
553,-1.6236450922600794,-31.156223153339745,-0.34838920343917146,2.508456928769127,0.0
554,-2.2383492768865842,-36.247076417935844,-0.3702321963188345,2.508456928769127,0.0
555,-1.6562592166347159,-59.67251091812078,-0.5975248708569405,2.508456928769127,0.0
556,-0.6583063069646257,-9.423177795861681,-0.19850488136086553,2.508456928769127,0.0
557,-1.3043374168264037,-36.9737137573355,-0.38442165665768735,2.508456928769127,0.0
558,-1.8586244211521858,-36.17176884777138,-0.3717462133816445,2.508456928769127,0.0
559,-1.7570454017510537,-44.09511934160967,-0.473409510753075,2.508456928769127,0.0
560,-1.0833016773107402,-21.379373649190203,-0.2532016661532286,2.508456928769127,0.0
561,-1.540259194672461,-29.668316516331362,-0.3548261268686671,2.508456928769127,0.0
562,-1.2571060798473597,-33.37506509959448,-0.36771075238079787,2.508456928769127,0.0
563,-1.1735275186041634,-23.04498988973477,-0.25239183681678334,2.508456928769127,0.0
564,-0.7372117849956671,-12.913865543193792,-0.13707822560317895,2.508456928769127,0.0
565,-1.1061069906178882,-23.754650177188598,-0.2897017573660805,2.508456928769127,0.0
566,-1.048810114769615,-21.895770168389493,-0.2544061801141053,2.508456928769127,0.0
567,-1.7612117232193352,-33.96354142946729,-0.3552288414054864,2.508456928769127,0.0
568,-2.39912103608704,-37.79079902261984,-0.38883357016141384,2.508456928769127,0.0
569,-1.0608273305753437,-16.939174000906554,-0.1750831668765097,2.508456928769127,0.0
570,-1.5028627920351616,-39.86968264433743,-0.4143908795830027,2.508456928769127,0.0
571,-1.333614930567806,-24.27438096405513,-0.26942603062841475,2.508456928769127,0.0
572,-1.9055742012509305,-32.06749965288596,-0.37068164512843793,2.508456928769127,0.0
573,-1.6219907273845002,-25.68927363152147,-0.26679237743604367,2.508456928769127,0.0
574,-1.78829911547189,-33.538644857896635,-0.3511795403570326,2.508456928769127,0.0
575,-2.33514818043598,-41.130933757663016,-0.4248396703712407,2.508456928769127,0.0
576,-0.983629464784672,-23.32701018006095,-0.23973922864164499,2.508456928769127,0.0
577,-1.818265168096291,-36.93652162922414,-0.37995754492544376,2.508456928769127,0.0
578,-0.13501128359499662,-2.6048010765723717,-0.09200772326805962,2.508456928769127,0.0
579,-0.2738689424108445,-6.070525093603685,-0.13883564399239845,2.508456928769127,0.0
580,-1.6029987524198759,-36.30441168388268,-0.3944652199228582,2.508456928769127,0.0
581,-1.8879210404078612,-41.07836776050707,-0.41536541934065774,2.508456928769127,0.0
582,-2.006086705078195,-63.38718030467779,-0.6369613381375397,2.508456928769127,0.0
583,-1.6472312653501786,-29.601935040826287,-0.3018061907035494,2.508456928769127,0.0
584,-1.4436694170887192,-28.81711341629537,-0.3079733075031301,2.508456928769127,0.0
585,-1.384550530428285,-22.57799837145722,-0.25181689976551447,2.508456928769127,0.0
586,-1.768761635486945,-24.535234047542755,-0.2698012535907717,2.508456928769127,0.0
587,-1.3574550706153035,-28.11361103531731,-0.32117963993815135,2.508456928769127,0.0
588,-2.1944371834392706,-32.36549178230749,-0.34265240056969704,2.508456928769127,0.0
589,-1.7088487008182003,-35.7981324435914,-0.36219733302393853,2.508456928769127,0.0
590,-1.6909804556980497,-21.493684857975182,-0.21515276121621751,2.508456928769127,0.0
591,-0.8571259029192634,-20.33381024917331,-0.24447658364063984,2.508456928769127,0.0
592,-1.601377935534895,-36.237079421183715,-0.3643818259835687,2.508456928769127,0.0
593,-1.3049449804988484,-21.92944863601983,-0.22565972347594765,2.508456928769127,0.0
594,-0.051788787196079406,-2.0036018218848595,-0.23368241182911287,2.508456928769127,0.0
595,-1.8132967551576904,-37.40988513354403,-0.382834168358252,2.508456928769127,0.0
596,-0.8202068728560471,-16.71581119750033,-0.22399401731583068,2.508456928769127,0.0
597,-0.7291618736489511,-18.415373409733505,-0.25577509489965233,2.508456928769127,0.0
598,-1.9841522962515827,-30.639352698518106,-0.30968374378040653,2.508456928769127,0.0
599,-1.7413682014113847,-29.03489513896228,-0.3451714535792918,2.508456928769127,0.0
600,-1.4475876793396145,-30.650922932862745,-0.37717604194912835,2.508456928769127,0.0
601,-2.22569697618588,-50.5461370465345,-0.5327306374346212,2.508456928769127,0.0
602,-2.5596700764063196,-50.652371759776,-0.5183032929925223,2.508456928769127,0.0
603,-0.7727643026448554,-31.068594026591544,-0.41000521883987784,2.508456928769127,0.0
604,-1.57324570726642,-29.74413037410968,-0.30287087894393205,2.508456928769127,0.0
605,-1.8653255101889405,-62.13170599497009,-0.6446761622259488,2.508456928769127,0.0
606,-1.3590202958815518,-41.40943380371019,-0.4506352540249614,2.508456928769127,0.0
607,-1.2108450643254405,-31.265575333895836,-0.32852541786623957,2.508456928769127,0.0
608,-0.9772625418362088,-53.80127961688829,-0.6358745764779381,2.508456928769127,0.0
609,-1.1696806134038695,-15.647268628743117,-0.18631862939608623,2.508456928769127,0.0
610,-1.4893379237590247,-28.26223294563459,-0.2829832138121048,2.508456928769127,0.0
611,-1.8858743566184148,-46.865659165789566,-0.4828111591005375,2.508456928769127,0.0
612,-1.0220772621646461,-18.446946928396557,-0.20594741922396398,2.508456928769127,0.0
613,-1.0875163780504502,-15.273562861681167,-0.16762585919363393,2.508456928769127,0.0
614,-0.6910038265397692,-31.556329435938046,-0.4877722605393664,2.508456928769127,0.0
615,-2.543422598998378,-50.39154684256568,-0.5136371351483833,2.508456928769127,0.0
616,-1.7578995154566865,-51.40902421867779,-0.5249675573503916,2.508456928769127,0.0
617,-1.2984031366397322,-40.41837866936475,-0.4291129294495202,2.508456928769127,0.0
618,-2.701093975701492,-48.702680483540185,-0.5047667505438342,2.508456928769127,0.0
619,-1.1395650457978173,-29.02803148481081,-0.2972039848781479,2.508456928769127,0.0
620,-1.028379571483766,-30.639347240617543,-0.37822059005260555,2.508456928769127,0.0
621,-0.4561856508565603,-9.553016517646961,-0.1514688023545837,2.508456928769127,0.0
622,-1.156678502271088,-32.78604342755703,-0.40823146684082945,2.508456928769127,0.0
623,-1.330936830377283,-28.212521825287816,-0.311947522413742,2.508456928769127,0.0
624,-1.4845473715363917,-22.20374699252131,-0.2534009477514625,2.508456928769127,0.0
625,-2.1769702482812345,-40.06406966880868,-0.40516799794355074,2.508456928769127,0.0
626,-0.635365998163573,-8.666771409727247,-0.11625011645440586,2.508456928769127,0.0
627,-2.138153690758206,-49.91634259165365,-0.5016505380576226,2.508456928769127,0.0
628,-2.1118688412080937,-46.65101566422313,-0.47771244966295223,2.508456928769127,0.0
629,0.05589643575275032,0.24842517180407864,-0.08928632062586961,2.508456928769127,0.0
630,0.17116593931526433,3.2045037599566895,-0.13327573844501406,2.508456928769127,0.0
631,-2.5802882253045016,-50.43187441573023,-0.506113414034822,2.508456928769127,0.0
632,-2.24437762105413,-40.49604725541529,-0.4070555997287172,2.508456928769127,0.0
633,-0.2799461275103355,-5.497753829518148,-0.11488176367995095,2.508456928769127,0.0
634,-1.86101772581917,-38.58021789796727,-0.3950997315877586,2.508456928769127,0.0
635,-1.4588511043968722,-36.01324502560082,-0.3625059545340861,2.508456928769127,0.0
636,-0.3785446655586256,-16.206365966176705,-0.3249838201277736,2.508456928769127,0.0
637,-0.9397404596404569,-19.157707897278886,-0.22334807179880267,2.508456928769127,0.0
638,-1.1448378977528515,-34.99605243542503,-0.42260449885555984,2.508456928769127,0.0
639,-0.7244788627939397,-13.850919870429767,-0.17895527729020655,2.508456928769127,0.0
640,-0.7405593235633898,-13.00514284222183,-0.18563663449156742,2.508456928769127,0.0
641,0.5404263815539995,6.974201514187706,-0.0906219115131065,2.508456928769127,0.0
642,-0.388114220587932,-6.35729445133415,-0.11568462305951743,2.508456928769127,0.0
643,-1.6952565492603302,-32.02906178333551,-0.32084775882312855,2.508456928769127,0.0
644,-2.016731840794376,-33.120424238941396,-0.33452299132497876,2.508456928769127,0.0
645,-1.253289214520367,-31.747334540392036,-0.3555053845985383,2.508456928769127,0.0
646,-1.395896056094746,-29.469657209575793,-0.2988549423757062,2.508456928769127,0.0
647,-1.5757047591552575,-20.216436358000212,-0.21305710840282543,2.508456928769127,0.0
648,-0.7919897990983754,-18.6861748873405,-0.2965603149220857,2.508456928769127,0.0
649,-1.6134599369678018,-38.892150688816976,-0.39496001489067223,2.508456928769127,0.0
650,-1.8481769629573297,-32.32614604551334,-0.3425649915284815,2.508456928769127,0.0
651,-1.3176726852234035,-20.536921137155485,-0.21214457072948045,2.508456928769127,0.0
652,-0.8057643724502649,-22.07923391655726,-0.2559403000089234,2.508456928769127,0.0
653,-0.6813828011013584,-12.972204393181242,-0.23443098366833637,2.508456928769127,0.0
654,-2.0943102745868476,-30.077468974600087,-0.32735663355135514,2.508456928769127,0.0
655,-1.235415916436057,-33.664503208171446,-0.3643741504050213,2.508456928769127,0.0
656,-0.8006869736493041,-17.751606885893544,-0.27987834953565216,2.508456928769127,0.0
657,-0.5715478373177957,-12.428342966896821,-0.16551060749697954,2.508456928769127,0.0
658,-1.4991406160453284,-23.26957253616425,-0.26728864211994874,2.508456928769127,0.0
659,-1.4987261075317329,-26.32543479306584,-0.2792806498405812,2.508456928769127,0.0
660,-1.1944953586556615,-17.65559894015698,-0.2018262328544398,2.508456928769127,0.0
661,-0.0671230401112041,-2.827928910954436,-0.16064223734231142,2.508456928769127,0.0
662,-1.6454503116054744,-26.953690412407983,-0.3347020006657637,2.508456928769127,0.0
663,-1.323638459565038,-28.237413108556066,-0.29542506649118727,2.508456928769127,0.0
664,-1.0446132700193036,-48.30852430406855,-0.49580197338984255,2.508456928769127,0.0
665,-0.5063334652666753,-15.43711462035966,-0.2519092458166923,2.508456928769127,0.0
666,-1.1960817224471945,-22.778353624036953,-0.2675222854271906,2.508456928769127,0.0
667,-1.166303380591054,-20.523260940103803,-0.2628932525535105,2.508456928769127,0.0
668,-1.885740143207837,-49.855961464025064,-0.5336137593474517,2.508456928769127,0.0
669,-0.37717150677845385,-9.431129921696213,-0.1300638759130489,2.508456928769127,0.0
670,-1.6244133917914614,-38.935232284113916,-0.3957459908350822,2.508456928769127,0.0
671,-1.3998635792051062,-33.60676918342329,-0.347382079469034,2.508456928769127,0.0
672,-2.417478997468481,-38.779004853912724,-0.4048602375761684,2.508456928769127,0.0
673,-1.9341823033896721,-28.48982692557017,-0.2881710938106754,2.508456928769127,0.0
674,-1.4040843992796725,-55.793518613552095,-0.5628435671473898,2.508456928769127,0.0
675,-1.568587701270041,-28.82872785369551,-0.28830835179625647,2.508456928769127,0.0
676,-1.9703570509487107,-49.102611616438075,-0.5272075626046824,2.508456928769127,0.0
677,-1.6614673811083602,-27.128336222416007,-0.3107199925126747,2.508456928769127,0.0
678,-0.3197986889171555,-11.300617482076692,-0.20067367078731924,2.508456928769127,0.0
679,-1.8554315182777457,-31.96182023760756,-0.3320598036429411,2.508456928769127,0.0
680,0.12490147933034906,1.5931543709877483,-0.12520064006179954,2.508456928769127,0.0
681,-1.7215359738040619,-28.399612568047328,-0.28520933942458304,2.508456928769127,0.0
682,-1.099090756911698,-25.200817052536895,-0.28426681999444037,2.508456928769127,0.0
683,-1.670579313995052,-34.7869433202166,-0.35956112524658623,2.508456928769127,0.0
684,-1.1715847737820808,-26.151681759013446,-0.26446824277723335,2.508456928769127,0.0
685,-2.1844635012436133,-27.5466682840101,-0.2821336389980318,2.508456928769127,0.0
686,-1.342951831756567,-27.30513684613378,-0.29249482822988637,2.508456928769127,0.0
687,-1.0675975572284901,-29.294162181508078,-0.29294162181508077,2.508456928769127,0.0
688,0.13688811841565715,1.5340528867487935,-0.13862681273112498,2.508456928769127,0.0
689,-1.304061739281239,-23.151677378863276,-0.25332908672918253,2.508456928769127,0.0
690,-1.1290662199194175,-24.224722433832834,-0.25643566081971914,2.508456928769127,0.0
691,-2.6838699793319107,-48.59480719421293,-0.487915475276842,2.508456928769127,0.0
692,-0.6538621656003897,-19.890227273919958,-0.2464378834906208,2.508456928769127,0.0
693,-1.2022528955580118,-29.293769812957905,-0.3113001574177575,2.508456928769127,0.0
694,-2.1483472182881753,-48.206424982910036,-0.48749350229279365,2.508456928769127,0.0
695,-0.8834693922369026,-29.582681222539208,-0.4920483347543856,2.508456928769127,0.0
696,-1.2998985783462897,-33.88785476345086,-0.40552987452244316,2.508456928769127,0.0
697,-1.3069098173495703,-25.146406414002342,-0.29808246807267036,2.508456928769127,0.0
698,-1.2314700560697476,-71.20297729872627,-0.7313597839237053,2.508456928769127,0.0
699,-1.9109496561355688,-40.36330077759831,-0.4288452115001019,2.508456928769127,0.0
700,-0.4771824391118748,-18.584448878467576,-0.3696954020222769,2.508456928769127,0.0
701,-2.575438595048299,-56.079008756142116,-0.5607900875614211,2.508456928769127,0.0
702,-2.2686765778670126,-42.87534218315061,-0.43171860797519956,2.508456928769127,0.0
703,-1.2506382177371405,-17.131522755898953,-0.19133285599801397,2.508456928769127,0.0
704,-1.0678171318297998,-15.238885488648679,-0.17193645349301234,2.508456928769127,0.0
705,-2.1838146020454303,-37.81106578967675,-0.3829755581580929,2.508456928769127,0.0
706,0.38430833786874774,6.084362956630707,-0.08795589404146809,2.508456928769127,0.0
707,-1.0664783688129018,-20.784511099914948,-0.220504680106823,2.508456928769127,0.0
708,-0.5386327002179995,-16.370098156384906,-0.3290190966184128,2.508456928769127,0.0
709,-0.612275210506259,-12.251202699243057,-0.14263794998880985,2.508456928769127,0.0
710,-1.554021298665955,-34.087335461074154,-0.34273429019080637,2.508456928769127,0.0
711,-0.46360752923865756,-13.197099750224318,-0.26142857725256574,2.508456928769127,0.0
712,-1.5315665953237003,-25.157960004621216,-0.2693345353978005,2.508456928769127,0.0
713,-0.87327390209462,-19.573376280992516,-0.2623817475746779,2.508456928769127,0.0
714,-0.3206332679883494,-5.293208846098818,-0.13690927458068713,2.508456928769127,0.0
715,-0.7093440298441182,-21.38430172823056,-0.2230754745794572,2.508456928769127,0.0
716,-1.1942050648312892,-19.13546550536872,-0.28339012327718516,2.508456928769127,0.0
717,-2.0960546837648653,-52.54069339679936,-0.5307107916779765,2.508456928769127,0.0
718,-0.7011404597071818,-13.00516021859618,-0.23250209132392718,2.508456928769127,0.0
719,-0.623689427817676,-12.561756275806458,-0.14070028796276657,2.508456928769127,0.0
720,-0.06152248234965624,-1.2692978114774323,-0.12196473793841511,2.508456928769127,0.0
721,-1.9830158213035374,-50.43651435120633,-0.5062207395097933,2.508456928769127,0.0
722,-0.6691862213573538,-16.41684013010619,-0.25960536950008717,2.508456928769127,0.0
723,-1.799694857468238,-28.548394684914435,-0.2878500977427797,2.508456928769127,0.0
724,-0.6372571523012672,-10.217487118839886,-0.15981355908836725,2.508456928769127,0.0
725,-0.3247512718119318,-5.747084900298793,-0.18360836675430625,2.508456928769127,0.0
726,-1.1211485129947292,-23.26091072915293,-0.282247357992079,2.508456928769127,0.0
727,-1.2756847967595877,-24.886342804923643,-0.3359271246046248,2.508456928769127,0.0
728,-0.3622187285636819,-8.8567283394977,-0.1845221447672113,2.508456928769127,0.0
729,-1.0341353335239054,-24.38652471984447,-0.29672971483287003,2.508456928769127,0.0
730,-0.3745417053719463,-9.896111230681726,-0.1789113457775786,2.508456928769127,0.0
731,-0.11293804403900973,-2.8488577510805024,-0.10444782360609206,2.508456928769127,0.0
732,-1.3401616145280189,-28.842262258612095,-0.29255343732347217,2.508456928769127,0.0
733,-0.32672993405376954,-7.3457711746534144,-0.19322822487087876,2.508456928769127,0.0
734,-2.4612757376963286,-37.20754447390924,-0.37632907752615596,2.508456928769127,0.0
735,-2.1056295810946772,-35.24491110247083,-0.37821303351230806,2.508456928769127,0.0
736,-0.5844510887678225,-13.2768491199882,-0.15559007161780647,2.508456928769127,0.0
737,-1.9947169049257405,-60.075389373837076,-0.612587476464043,2.508456928769127,0.0
738,-1.713521427254506,-29.406113906450273,-0.2940611390645027,2.508456928769127,0.0
739,-1.1400976439163082,-20.116872148828012,-0.248162428090973,2.508456928769127,0.0
740,-2.287271927733363,-59.22285962545269,-0.6138145761182763,2.508456928769127,0.0
741,-0.777821046585395,-23.137296514009144,-0.32826168513886156,2.508456928769127,0.0
742,-2.200488684869528,-48.95912273613553,-0.5025298389611671,2.508456928769127,0.0
743,-1.8567198899797446,-35.29507446445584,-0.4309356675131606,2.508456928769127,0.0
744,-1.4746907276780457,-48.948500378514616,-0.5672855415869079,2.508456928769127,0.0
745,-2.0519483944183934,-31.83607217754645,-0.3265679458761228,2.508456928769127,0.0
746,-0.452844357908159,-13.946504747314325,-0.233565768018416,2.508456928769127,0.0
747,-2.0446519800729868,-51.761792437967344,-0.5176179243796735,2.508456928769127,0.0
748,-1.7177489630743918,-28.641746010232726,-0.30325864552485615,2.508456928769127,0.0
749,0.06614846369386332,0.23025993294163438,-0.16678726883930772,2.508456928769127,0.0
750,-0.5793203200639478,-11.694795459543306,-0.20484181326103168,2.508456928769127,0.0
751,-1.9023444161991843,-35.44622977111278,-0.3755748617187429,2.508456928769127,0.0
752,-0.6589591344640426,-10.214379486845559,-0.1513479464217553,2.508456928769127,0.0
753,-0.7009941859511171,-12.922087074711996,-0.17371617837561681,2.508456928769127,0.0
754,-1.8240906925173563,-34.82132786045252,-0.35440769034787556,2.508456928769127,0.0
755,-2.2601529694162177,-43.51404187144436,-0.4364048517931284,2.508456928769127,0.0
756,-1.488307242813756,-29.023018891829434,-0.29117092267184097,2.508456928769127,0.0
757,-0.7733017060459924,-16.61719794990637,-0.1703963547839703,2.508456928769127,0.0
758,-0.43864521155005476,-11.850212032922968,-0.18522861534494495,2.508456928769127,0.0
759,-0.30147746130051667,-6.638454790657455,-0.1995829969467693,2.508456928769127,0.0
760,-1.841960936997197,-49.81421947120097,-0.5018598713096829,2.508456928769127,0.0
761,-0.9620551425932644,-23.19446091626768,-0.26358608866097744,2.508456928769127,0.0
762,-2.2815339853936276,-61.649423377819915,-0.6298945392809396,2.508456928769127,0.0
763,-1.2821930221854896,-30.233170969599232,-0.3204431826224411,2.508456928769127,0.0
764,-1.1342530309250949,-24.26094739240191,-0.25019082309478735,2.508456928769127,0.0
765,-1.1961325437372037,-17.712688171031388,-0.18564329780308553,2.508456928769127,0.0
766,-1.3854411588642614,-27.712575741518265,-0.3298957136563774,2.508456928769127,0.0
767,-1.623008770678562,-69.70096681774591,-0.7277474232713609,2.508456928769127,0.0
768,0.12980037762832017,1.6954663722271057,-0.24924363270973326,2.508456928769127,0.0
769,-1.938362459335014,-35.45029316332994,-0.3589075310173494,2.508456928769127,0.0
770,-0.8566126879007784,-22.259598702461545,-0.3157591228381009,2.508456928769127,0.0
771,-2.1420871111566386,-38.46762861732687,-0.4108193711893703,2.508456928769127,0.0
772,-2.2683515216337464,-53.51389913493123,-0.5546469930056352,2.508456928769127,0.0
773,-1.0733557239437626,-20.618052798254215,-0.23669550576513854,2.508456928769127,0.0
774,-1.4429815051607489,-43.199805225812746,-0.4348826461084768,2.508456928769127,0.0
775,-1.1541447750042824,-23.869731234501646,-0.30826388422773265,2.508456928769127,0.0
776,-0.44357910876737494,-10.949014911120836,-0.23827689482632275,2.508456928769127,0.0
777,-1.1528557636643693,-22.087913827969217,-0.22356391481966897,2.508456928769127,0.0
778,-0.7750938895700301,-16.925636300891767,-0.22887024548500534,2.508456928769127,0.0
779,-2.184842041006448,-41.84985519680329,-0.43887465844057216,2.508456928769127,0.0
780,-0.6963323877263762,-12.40358790604461,-0.19602876872286512,2.508456928769127,0.0
781,-1.1092753669607733,-22.422895342350337,-0.25262131709950086,2.508456928769127,0.0
782,-1.6412580885249963,-40.661633603636915,-0.40738493104289975,2.508456928769127,0.0
783,-1.835677322382632,-54.44742159315143,-0.5519142149976556,2.508456928769127,0.0
784,-1.9838345611055375,-30.1785109981207,-0.3186425141281606,2.508456928769127,0.0
785,-1.4078626196250394,-47.693584912358034,-0.5413640737181092,2.508456928769127,0.0
786,-1.4332703486573681,-47.392738045585915,-0.5249701473510349,2.508456928769127,0.0
787,-0.9023508420383233,-25.136453307047223,-0.26161870274705845,2.508456928769127,0.0
788,-1.727075939170798,-26.299012030689816,-0.31438950462060544,2.508456928769127,0.0
789,-1.4720357009391345,-27.798813905039022,-0.3315447131186472,2.508456928769127,0.0
790,-1.626404915654458,-69.23801209444171,-0.7119464325118263,2.508456928769127,0.0
791,-0.26141288268970436,-5.7022628078503885,-0.22802556890677217,2.508456928769127,0.0
792,-1.1097676583174807,-18.683635328003632,-0.20722847539175182,2.508456928769127,0.0
793,-1.3375488477451565,-21.06617550609564,-0.2106617550609564,2.508456928769127,0.0
794,-1.2777465523073348,-18.160652270868084,-0.2474999920284482,2.508456928769127,0.0
795,-1.3723093854425872,-20.660318654741307,-0.2618531276157786,2.508456928769127,0.0
796,-1.6158273071811275,-28.728864871392712,-0.2976032431703809,2.508456928769127,0.0
797,-1.2335124713431,-28.08910971248446,-0.3040802842789766,2.508456928769127,0.0
798,-1.8732506206637123,-29.40624421442909,-0.3023925672513854,2.508456928769127,0.0
799,-1.0591387074738345,-20.140144748324673,-0.23714287829443792,2.508456928769127,0.0
800,-1.294717129899175,-23.01318332806104,-0.23294254412507331,2.508456928769127,0.0
801,-1.779895500275266,-33.069745605843245,-0.34290348793994585,2.508456928769127,0.0
802,-1.4174480128446096,-26.882746755227537,-0.30378216759607846,2.508456928769127,0.0
803,-1.6403390636846726,-43.468461453417206,-0.4356340385913784,2.508456928769127,0.0
804,-1.8029067220245678,-63.495469318484446,-0.6358178215968214,2.508456928769127,0.0
805,-0.8102140548862115,-12.110080464615658,-0.1753273259323851,2.508456928769127,0.0
806,-1.4338895291674,-34.243727073106875,-0.4271771973446292,2.508456928769127,0.0
807,-1.0420615042300068,-19.25994861240561,-0.2115307605194542,2.508456928769127,0.0
808,-1.207660442483762,-26.295656909976074,-0.3092618539191645,2.508456928769127,0.0
809,-1.0801820566273603,-17.00829897916798,-0.20407366510404423,2.508456928769127,0.0
810,-1.0365702084677064,-17.798779982581724,-0.20395716591839086,2.508456928769127,0.0
811,-1.3271152425622703,-56.8607890660179,-0.5808513805861111,2.508456928769127,0.0
812,-1.701777980877319,-32.01899280620572,-0.3205504538869365,2.508456928769127,0.0
813,-1.3327119035819268,-52.526942633266,-0.5373228381655664,2.508456928769127,0.0
814,-1.2413477017084842,-28.828473624559102,-0.30820708779716854,2.508456928769127,0.0
815,-1.6694967930016258,-34.86429300493723,-0.36237431657579666,2.508456928769127,0.0
816,-2.0639686663936865,-31.87127780535609,-0.3187127780535609,2.508456928769127,0.0
817,-2.1559145182177315,-36.19509966564314,-0.37745766542948567,2.508456928769127,0.0
818,-1.5465381649237304,-40.98065024369121,-0.4435431280772547,2.508456928769127,0.0
819,-1.2633444908125833,-25.488643286505287,-0.3017481999507168,2.508456928769127,0.0
820,-0.9491859095440613,-17.67349891883073,-0.20326695453150578,2.508456928769127,0.0
821,-1.63703293002337,-33.557144351746146,-0.3530436111537604,2.508456928769127,0.0
822,-1.0311507112772669,-16.777319196047824,-0.17126998083106082,2.508456928769127,0.0
823,-0.6419898095015008,-17.08367236229308,-0.25571565045815237,2.508456928769127,0.0
824,-0.815480194166009,-11.78401956173316,-0.12998796027084059,2.508456928769127,0.0
825,-1.5201077191600771,-31.106054811486004,-0.3289679461212901,2.508456928769127,0.0
826,-1.2118472103432036,-20.015165475619355,-0.24904727861838938,2.508456928769127,0.0
827,-1.446436945552872,-25.593229618037373,-0.30395558502013775,2.508456928769127,0.0
828,-1.4965778849168052,-37.44138850568166,-0.39290022752642295,2.508456928769127,0.0
829,-0.8406625675407643,-15.8790398932376,-0.22059369033985532,2.508456928769127,0.0
830,-0.9841381495363656,-24.69409876280877,-0.30548698574610655,2.508456928769127,0.0
831,-2.8334928442296072,-47.522266278219995,-0.4852289333134011,2.508456928769127,0.0
832,-1.8633502692642507,-37.409943547942746,-0.3787104420701034,2.508456928769127,0.0
833,-1.1956863903722437,-24.395772283649507,-0.24734554242477924,2.508456928769127,0.0
834,-2.3740952405214655,-40.849105368988916,-0.42350537316126,2.508456928769127,0.0
835,-1.1266885015487766,-29.888148826360517,-0.31355898437549945,2.508456928769127,0.0
836,-2.3552279572381445,-40.762599917235654,-0.41149385073783273,2.508456928769127,0.0
837,-1.087265572587214,-21.289816707026155,-0.23342180102493204,2.508456928769127,0.0
838,-1.3739167920073234,-22.693662376466328,-0.23532011394020946,2.508456928769127,0.0
839,-0.7543432144088292,-12.889793445264509,-0.2107289205201779,2.508456928769127,0.0
840,-2.685703055692396,-52.120848891805196,-0.5235003301969023,2.508456928769127,0.0
841,-0.8964117078604482,-24.966674604062376,-0.27114347242627124,2.508456928769127,0.0
842,-0.6158170216758342,-12.053701421182272,-0.15044979959250626,2.508456928769127,0.0
843,-1.876214843116705,-39.37670985108889,-0.43888568274112705,2.508456928769127,0.0
844,-0.6518267629183911,-13.643336591960287,-0.1987278759125084,2.508456928769127,0.0
845,-0.8848640389314953,-15.775501596633944,-0.17230564257069336,2.508456928769127,0.0
846,-2.309425158963246,-42.583479792264754,-0.43033569907838387,2.508456928769127,0.0
847,-0.9394987003588152,-13.79950779840281,-0.14759975038762652,2.508456928769127,0.0
848,-0.7361077927977614,-14.192301128457474,-0.23242824558995268,2.508456928769127,0.0
849,-2.0233511517665876,-28.351295305681813,-0.3290059808103498,2.508456928769127,0.0
850,-0.30544178180995973,-7.3047723498005706,-0.14444672987427098,2.508456928769127,0.0
851,-0.7129250132687083,-15.660684023913895,-0.216206243787185,2.508456928769127,0.0
852,-0.5314320072236653,-11.8206448760668,-0.2724074798291345,2.508456928769127,0.0
853,-1.839471372326315,-32.59122378062005,-0.3471812655365577,2.508456928769127,0.0
854,-0.021819334622665804,-2.543966482799964,-0.1548965916677697,2.508456928769127,0.0
855,-0.8829075610765857,-18.30583609749622,-0.2940483354176818,2.508456928769127,0.0
856,-1.4218094690236656,-21.669536775022202,-0.2350266008337104,2.508456928769127,0.0
857,-1.5011687496694597,-27.875349382179426,-0.3188932732627767,2.508456928769127,0.0
858,-1.021775878783088,-18.641729227529,-0.18641729227529003,2.508456928769127,0.0
859,-1.4631871432537524,-19.42329637712863,-0.20007413293479914,2.508456928769127,0.0
860,-1.0429952853900448,-18.149228319831035,-0.2252309791912196,2.508456928769127,0.0
861,-0.6954194241332119,-10.793783473855378,-0.15160514837964734,2.508456928769127,0.0
862,-0.7797097916896252,-35.49152469256204,-0.3726471735536302,2.508456928769127,0.0
863,-1.3515902638383575,-30.38121690305553,-0.3185327009752609,2.508456928769127,0.0
864,-1.6312650106912554,-41.9063301014853,-0.42260975419737523,2.508456928769127,0.0
865,-1.9304512954909265,-26.321430449873475,-0.27192086308056407,2.508456928769127,0.0
866,-2.1210413637458316,-38.080639018699934,-0.3828119320676111,2.508456928769127,0.0
867,-0.7202982348308861,-11.596646197760496,-0.1581567189163895,2.508456928769127,0.0
868,-1.8296433453974168,-29.887095626881766,-0.32021024796558184,2.508456928769127,0.0
869,-0.42488401997857417,-9.721893600763654,-0.1559839796802236,2.508456928769127,0.0
870,-1.333269046060749,-28.52013202806458,-0.3240598391711522,2.508456928769127,0.0
871,-1.3039066058791788,-45.935843417686364,-0.47483153641421116,2.508456928769127,0.0
872,-0.9810050417830811,-19.131651791916116,-0.24825497263069574,2.508456928769127,0.0
873,-1.7095497569005698,-26.959269993494996,-0.27491276885021576,2.508456928769127,0.0
874,-0.6085933484320611,-10.765704581768642,-0.1655331958684163,2.508456928769127,0.0
875,0.016778597208988433,-0.6232257994923551,-0.15890746161600766,2.508456928769127,0.0
876,-1.9255099413512506,-33.96813584907912,-0.35094964442734855,2.508456928769127,0.0
877,-1.2652147796791036,-24.59963628124595,-0.2501020489236111,2.508456928769127,0.0
878,-0.5770452263770285,-14.125508405931564,-0.21179702235346565,2.508456928769127,0.0
879,-1.85175095810748,-39.933382797273985,-0.42629808971472183,2.508456928769127,0.0
880,-2.0337419468667255,-45.53188180448665,-0.45640530277786895,2.508456928769127,0.0
881,-1.0813371970320758,-18.14721667455369,-0.19296262888945637,2.508456928769127,0.0
882,-1.1169123700030616,-28.25322153188158,-0.2923332794478939,2.508456928769127,0.0
883,-0.15090181477634204,-3.488011487451259,-0.17819839878938049,2.508456928769127,0.0
884,-0.3469174864567477,-6.834506599539358,-0.15047733637949423,2.508456928769127,0.0
885,-1.5817535420619524,-28.270466697761453,-0.28547907795461946,2.508456928769127,0.0
886,-1.4164371491851195,-51.82216180681127,-0.5211141935533634,2.508456928769127,0.0
887,-1.3622882105705656,-24.46682687230277,-0.2490966244956433,2.508456928769127,0.0
888,-1.6323797689585482,-48.50090028110476,-0.48866797456038225,2.508456928769127,0.0
889,-1.2823571967311498,-19.70073566030621,-0.20790684041472285,2.508456928769127,0.0
890,-1.0712772670864472,-28.187627791556626,-0.3299771574905601,2.508456928769127,0.0
891,-2.408128445978058,-63.84861493464646,-0.6426997763350988,2.508456928769127,0.0
892,-2.049923356607982,-28.63717984979918,-0.2899036750623448,2.508456928769127,0.0
893,-0.618367366785393,-12.60438493229783,-0.14799056677657807,2.508456928769127,0.0
894,0.14174894385988276,2.1119188654151078,-0.12735041463852548,2.508456928769127,0.0
895,-1.2947567464587364,-19.063357542319736,-0.21107998035329822,2.508456928769127,0.0
896,-2.2544265708277127,-37.58220482947445,-0.3989976946864513,2.508456928769127,0.0
897,-1.0370785990068059,-52.288578795805805,-0.665627805012036,2.508456928769127,0.0
898,-0.9358334173224717,-13.45151459975945,-0.18680954257424942,2.508456928769127,0.0
899,-0.5969076842728529,-11.084236912527645,-0.18226840287373425,2.508456928769127,0.0
900,-0.5919998046815943,-10.414818761205591,-0.14148202724604908,2.508456928769127,0.0
901,-1.2784774157795753,-32.49066643104831,-0.33288916293418835,2.508456928769127,0.0
902,-0.7483073167723757,-16.586561453925476,-0.2220599146496749,2.508456928769127,0.0
903,-0.94454401561706,-19.258147053911735,-0.21870697333629485,2.508456928769127,0.0
904,-3.124986375394771,-72.97389290301047,-0.7424281588771471,2.508456928769127,0.0
905,-0.0506058078677299,-3.5152242164674163,-0.22068751848751833,2.508456928769127,0.0
906,-1.958547057445662,-34.189359142893736,-0.3437154900546051,2.508456928769127,0.0
907,0.18326353428966885,2.373580464662406,-0.12977559943270067,2.508456928769127,0.0
908,-2.316443003079989,-46.15000435922477,-0.4787186666831784,2.508456928769127,0.0
909,0.005649016009387594,-0.7443981187631454,-0.13487352883684545,2.508456928769127,0.0
910,-2.8014565999842462,-59.87029006468478,-0.598743049615857,2.508456928769127,0.0
911,-2.099640136068024,-54.44271364042672,-0.5505367648489591,2.508456928769127,0.0
912,0.40722193963804165,7.26324640410374,-0.13103706266269,2.508456928769127,0.0
913,-0.9029477223508894,-60.16778051460119,-0.6048323003815597,2.508456928769127,0.0
914,-0.4249047481551741,-8.843114686381037,-0.16110522082243017,2.508456928769127,0.0
915,-2.0141567171742807,-38.883951756597554,-0.3938658004609119,2.508456928769127,0.0
916,-1.2859563094321877,-19.931517759099172,-0.25568588987667085,2.508456928769127,0.0
917,-1.3530547924519025,-25.78286426816714,-0.27118237257922384,2.508456928769127,0.0
918,-1.341088462635862,-20.05541452584856,-0.20055414525848558,2.508456928769127,0.0
919,-1.0349865685454775,-26.687645145478022,-0.3777262436024039,2.508456928769127,0.0
920,-1.3646602011265028,-30.956360536983375,-0.3450712296552363,2.508456928769127,0.0
921,-1.9154331253302048,-26.8838065087072,-0.2709993531450352,2.508456928769127,0.0
922,-1.4467774174723111,-31.11258696903265,-0.32162066594977523,2.508456928769127,0.0
923,-0.3385974506677294,-14.807499171362393,-0.3093042692437654,2.508456928769127,0.0
924,-1.3400044503747706,-28.01887059868413,-0.30269950645491994,2.508456928769127,0.0
925,-0.5015466426051448,-9.94673266330306,-0.15246116371771856,2.508456928769127,0.0
926,-1.8531897495580723,-32.665154998677274,-0.3266515499867727,2.508456928769127,0.0
927,-1.9870642623132921,-29.783522347858526,-0.32381268938916685,2.508456928769127,0.0
928,-1.5083189999109996,-23.687081539019573,-0.2473662384254447,2.508456928769127,0.0
929,-0.8624201747937132,-23.398306114295497,-0.26937118726779086,2.508456928769127,0.0
930,-1.727947349949044,-35.89039165800641,-0.37058574045681913,2.508456928769127,0.0
931,-1.1217488121816452,-31.29739665075003,-0.45821301559442384,2.508456928769127,0.0
932,-0.9190652616433364,-16.596542763279032,-0.16678492592181582,2.508456928769127,0.0
933,-0.7756197067690905,-19.019996808559704,-0.2090848606892305,2.508456928769127,0.0
934,-2.028575193617253,-45.038338873864156,-0.45457347648163426,2.508456928769127,0.0
935,-1.3333712053732294,-29.972978889683798,-0.3450620967693824,2.508456928769127,0.0
936,-0.9777123392554888,-21.455374373543357,-0.24403217590302928,2.508456928769127,0.0
937,-1.1939410686990684,-19.37677229659336,-0.2348303868550371,2.508456928769127,0.0
938,-1.191434590735529,-19.135159200578013,-0.2069680704986494,2.508456928769127,0.0
939,-0.75217711757946,-15.340701879797358,-0.16948880212855977,2.508456928769127,0.0
940,-1.5132137731995032,-26.47315873334859,-0.27539316063483843,2.508456928769127,0.0
941,-1.7179255328913519,-29.60547005820282,-0.3172361888727535,2.508456928769127,0.0
942,-0.9404668921576094,-22.166086255426166,-0.23777369421186112,2.508456928769127,0.0
943,-0.5191004158784419,-14.84576017770538,-0.20800733504939284,2.508456928769127,0.0
944,-0.14570900927387737,-3.259178586351552,-0.13975219112945714,2.508456928769127,0.0
945,-0.028930220822132306,-1.9250175155328342,-0.17355596201559387,2.508456928769127,0.0
946,-1.6865548526798593,-21.7884629771113,-0.23070369853169004,2.508456928769127,0.0
947,-1.0126990268492082,-23.034233851179454,-0.2853076469276693,2.508456928769127,0.0
948,-0.10249459303354679,-6.63854850604968,-0.20345190642602118,2.508456928769127,0.0
949,-1.4627148685786713,-23.570929963507993,-0.235958216428521,2.508456928769127,0.0
950,-0.4863559037685195,-10.315326453395047,-0.1620720260847045,2.508456928769127,0.0
951,-0.4540899061313479,-7.58116516079117,-0.15998233171553888,2.508456928769127,0.0
952,0.7460097811089001,11.689259068780844,-0.10329778030644665,2.508456928769127,0.0
953,-1.341808034507854,-21.6847180696363,-0.23625109815497403,2.508456928769127,0.0
954,-1.180532343877343,-19.326589815154982,-0.2438059534607474,2.508456928769127,0.0
955,-1.523603668220674,-33.03920262963482,-0.33273434501565424,2.508456928769127,0.0
956,-1.636690044364279,-29.484184830036085,-0.3262022219211107,2.508456928769127,0.0
957,-0.7586043519597797,-16.88066446090881,-0.1837754600922672,2.508456928769127,0.0
958,-0.9343361056888874,-27.04290537657432,-0.32198690846541633,2.508456928769127,0.0
959,-0.9415669381127447,-15.204146416900189,-0.16378841389339982,2.508456928769127,0.0
960,-0.19125793240551764,-5.157373969503243,-0.16686186743011688,2.508456928769127,0.0
961,-1.7344405062767583,-25.973820345667843,-0.26674404086642123,2.508456928769127,0.0
962,-1.7991000604442369,-36.98313713389329,-0.39708916168007913,2.508456928769127,0.0
963,-1.5454402576763362,-35.00773748558069,-0.37002841988648383,2.508456928769127,0.0
964,-0.8420210462966898,-20.595893728627235,-0.2413901788606857,2.508456928769127,0.0
965,-1.697572677168871,-21.228935974634176,-0.23618033684091255,2.508456928769127,0.0
966,0.356017048113469,7.721693775156857,-0.1157300810214642,2.508456928769127,0.0
967,-0.3615280809574234,-7.338231436895204,-0.161310754003131,2.508456928769127,0.0
968,-1.4502874744313976,-25.863278223360876,-0.31772125712238863,2.508456928769127,0.0
969,-1.229461250724457,-25.671909289592733,-0.297975791659009,2.508456928769127,0.0
970,-1.5218082131206303,-34.14432060108167,-0.3431191233702373,2.508456928769127,0.0
971,-1.1652528842792886,-23.38364079274222,-0.23716220089244788,2.508456928769127,0.0
972,-0.6741898195607784,-13.052469883464624,-0.19747660984951,2.508456928769127,0.0
973,-0.667944193342277,-11.750338041127616,-0.13710989854914135,2.508456928769127,0.0
974,-0.22544837805752482,-7.046755565803709,-0.16974228229437172,2.508456928769127,0.0
975,-2.4364843052776806,-44.13604661872361,-0.49360033096812594,2.508456928769127,0.0
976,0.5169280115678588,10.569200567066606,-0.10781883104876833,2.508456928769127,0.0
977,-1.762804010497129,-28.821628734987716,-0.2926475272572602,2.508456928769127,0.0
978,-0.6066881001150629,-13.809259584618738,-0.20907111453231342,2.508456928769127,0.0
979,-1.4425556281847038,-28.534588345821753,-0.2964439789605505,2.508456928769127,0.0
980,-0.49662272119852063,-10.950336326682574,-0.2077791610187958,2.508456928769127,0.0
981,-0.9099201161801902,-18.43252431137423,-0.2116322999058936,2.508456928769127,0.0
982,-0.23716528348485505,-5.54115159396712,-0.14299614319601794,2.508456928769127,0.0
983,-0.9438730307024259,-27.074987447863485,-0.3393319844359579,2.508456928769127,0.0
984,-1.0394304818592253,-24.11564073684527,-0.24455488788039725,2.508456928769127,0.0
985,-0.9518778613437742,-16.03886389067889,-0.2568220893193751,2.508456928769127,0.0
986,0.357896039801159,8.675328462399712,-0.16359560941014806,2.508456928769127,0.0
987,-2.019117732074152,-51.750874661103005,-0.524348450740403,2.508456928769127,0.0
988,-1.3317583424547141,-18.875677703521266,-0.20461518301156456,2.508456928769127,0.0
989,-1.1821875039247547,-53.303102347483076,-0.5990541014879026,2.508456928769127,0.0
990,-1.5267382414913064,-46.24413965746861,-0.46838549658269935,2.508456928769127,0.0
991,-2.1698605515027274,-55.79504031235061,-0.5604027752332748,2.508456928769127,0.0
992,-1.0050246442776687,-25.95243048625705,-0.30201040940150803,2.508456928769127,0.0
993,0.07551739394152926,0.5312781970320701,-0.09331473068120688,2.508456928769127,0.0
994,-1.3357384255148603,-21.736128486393604,-0.26217347734757857,2.508456928769127,0.0
995,-1.515072365110222,-25.847825937888068,-0.2600711783660775,2.508456928769127,0.0
996,-0.8239386238416501,-15.696607953215903,-0.25026347769708646,2.508456928769127,0.0
997,-1.020123630091632,-17.651037452744244,-0.23292700123454446,2.508456928769127,0.0
998,-1.0791935713598013,-21.98903474618985,-0.23483084335103976,2.508456928769127,0.0
999,-0.6103197750673733,-20.54785311343513,-0.3553524787978951,2.508456928769127,0.0
1000,-1.1301879037620188,-33.52221037741033,-0.42863035413501394,2.508456928769127,0.0
