entry_time,exit_time,direction,entry_price,exit_price,size,notional,quantity,gross_pnl,costs,net_pnl,exit_reason,tp_multiple,pnl,trade_id,regime
2024-02-05 12:00:00+00:00,2024-02-05 16:00:00+00:00,1,43255.36,42522.34470183681,0.5,1475.2543401341836,0.034105700198407404,-25.000000000000004,2.065356076187857,-27.06535607618786,stop,2.0,-27.06535607618786,1,OTHER
2024-02-05 12:00:00+00:00,2024-02-05 16:00:00+00:00,1,43255.36,42522.34470183681,0.3,885.1526040805102,0.02046342011904444,-15.0,1.2392136457127143,-16.239213645712713,stop,6.0,-16.239213645712713,2,OTHER
2024-02-05 12:00:00+00:00,2024-02-05 16:00:00+00:00,1,43255.36,42522.34470183681,0.2,590.1017360536734,0.01364228007936296,-10.0,0.8261424304751428,-10.826142430475143,stop,10.0,-10.826142430475143,3,OTHER
2024-02-07 17:00:00+00:00,2024-02-07 21:00:00+00:00,1,43499.91,44362.219977694396,0.5,1261.1448065435875,0.02899189461641616,25.000000000000004,1.7656027291610226,23.234397270838983,tp1,2.0,23.234397270838983,4,SIDEWAYS
2024-02-07 17:00:00+00:00,2024-02-08 14:00:00+00:00,1,43499.91,45109.5552916962,0.2,504.45792261743503,0.011596757846566464,18.666666666666597,0.7062410916644091,17.960425575002187,tp3,10.0,17.960425575002187,5,SIDEWAYS
2024-02-07 17:00:00+00:00,2024-02-08 20:00:00+00:00,1,43499.91,45569.453946466536,0.3,756.6868839261525,0.017395136769849696,35.99999999999983,1.0593616374966135,34.940638362503215,tp2,6.0,34.940638362503215,6,SIDEWAYS
2024-02-13 16:00:00+00:00,2024-02-14 08:00:00+00:00,-1,48477.07,50053.49119133292,0.5,768.7835945514491,0.015858705869629685,-25.0,1.076297032372029,-26.07629703237203,stop,2.0,-26.07629703237203,7,SIDEWAYS
2024-02-13 16:00:00+00:00,2024-02-14 08:00:00+00:00,-1,48477.07,50053.49119133292,0.3,461.2701567308695,0.009515223521777812,-15.0,0.6457782194232172,-15.645778219423217,stop,6.0,-15.645778219423217,8,SIDEWAYS
2024-02-13 16:00:00+00:00,2024-02-14 08:00:00+00:00,-1,48477.07,50053.49119133292,0.2,307.51343782057967,0.006343482347851874,-10.0,0.43051881294881156,-10.430518812948812,stop,10.0,-10.430518812948812,9,SIDEWAYS
2024-02-14 08:00:00+00:00,2024-02-15 00:00:00+00:00,1,50758.0,52209.900073072844,0.5,873.9926552344315,0.017218815856307017,25.0,1.223589717328204,23.776410282671797,tp1,2.0,23.776410282671797,10,BULL
2024-02-14 08:00:00+00:00,2024-02-17 14:00:00+00:00,1,50758.0,50758.0,0.3,524.3955931406589,0.010331289513784208,0.0,0.7341538303969224,-0.7341538303969224,stop,6.0,-0.7341538303969224,11,BULL
2024-02-14 08:00:00+00:00,2024-02-17 14:00:00+00:00,1,50758.0,50758.0,0.2,349.5970620937726,0.006887526342522806,0.0,0.48943588693128165,-0.48943588693128165,stop,10.0,-0.48943588693128165,12,BULL
2024-02-18 22:00:00+00:00,2024-02-20 17:00:00+00:00,1,52239.8,51289.372280990116,0.5,1374.112911353771,0.026303946633673386,-25.000000000000004,1.9237580758952795,-26.923758075895282,stop,2.0,-26.923758075895282,13,SIDEWAYS
2024-02-18 22:00:00+00:00,2024-02-20 17:00:00+00:00,1,52239.8,51289.372280990116,0.3,824.4677468122626,0.01578236798020403,-15.0,1.1542548455371675,-16.154254845537167,stop,6.0,-16.154254845537167,14,SIDEWAYS
2024-02-18 22:00:00+00:00,2024-02-20 17:00:00+00:00,1,52239.8,51289.372280990116,0.2,549.6451645415085,0.010521578653469357,-10.000000000000004,0.7695032303581119,-10.769503230358115,stop,10.0,-10.769503230358115,15,SIDEWAYS
2024-02-25 02:00:00+00:00,2024-02-26 15:00:00+00:00,1,51602.05,52349.29785996474,0.5,1726.4034052380946,0.03345610116726166,25.0,2.4169647673333325,22.583035232666667,tp1,2.0,22.583035232666667,16,SIDEWAYS
2024-02-25 02:00:00+00:00,2024-02-26 16:00:00+00:00,1,51602.05,53395.44486391538,0.3,1035.8420431428567,0.020073660700356995,36.00000000000014,1.4501788603999994,34.54982113960014,tp2,6.0,34.54982113960014,17,SIDEWAYS
2024-02-25 02:00:00+00:00,2024-02-26 16:00:00+00:00,1,51602.05,52996.91267193418,0.2,690.5613620952379,0.013382440466904665,18.6666666666667,0.966785906933333,17.699880759733368,tp3,10.0,17.699880759733368,18,SIDEWAYS
2024-02-27 01:00:00+00:00,2024-02-27 19:00:00+00:00,1,55768.41,57423.169432391995,0.5,842.5455825833478,0.015107936241742373,25.0,1.179563815616687,23.82043618438331,tp1,2.0,23.82043618438331,19,HIGH_VOL
2024-02-27 01:00:00+00:00,2024-02-28 08:00:00+00:00,1,55768.41,58857.29427379838,0.2,337.01823303333913,0.006043174496696949,18.666666666666643,0.4718255262466748,18.194841140419967,tp3,10.0,18.194841140419967,20,HIGH_VOL
2024-02-27 01:00:00+00:00,2024-02-28 13:00:00+00:00,1,55768.41,59739.83263774078,0.3,505.5273495500087,0.009064761745045424,35.99999999999998,0.7077382893700122,35.292261710629965,tp2,6.0,35.292261710629965,21,HIGH_VOL
2024-03-03 00:00:00+00:00,2024-03-03 22:00:00+00:00,-1,61736.9,63015.740295290314,0.5,1206.8922958434182,0.01954896173671529,-25.0,1.6896492141807855,-26.689649214180786,stop,2.0,-26.689649214180786,22,SIDEWAYS
2024-03-03 00:00:00+00:00,2024-03-03 22:00:00+00:00,-1,61736.9,63015.740295290314,0.3,724.1353775060509,0.011729377042029173,-15.0,1.0137895285084713,-16.01378952850847,stop,6.0,-16.01378952850847,23,SIDEWAYS
2024-03-03 00:00:00+00:00,2024-03-03 22:00:00+00:00,-1,61736.9,63015.740295290314,0.2,482.7569183373673,0.007819584694686117,-10.000000000000002,0.6758596856723142,-10.675859685672316,stop,10.0,-10.675859685672316,24,SIDEWAYS
2024-03-03 22:00:00+00:00,2024-03-04 00:00:00+00:00,1,62827.43,64155.49789070757,0.5,1182.684831844829,0.018824338857165238,25.0,1.6557587645827605,23.34424123541724,tp1,2.0,23.34424123541724,25,SIDEWAYS
2024-03-03 22:00:00+00:00,2024-03-04 08:00:00+00:00,1,62827.43,65306.49006265413,0.2,473.0739327379316,0.007529735542866095,18.66666666666663,0.6623035058331043,18.004363160833524,tp3,10.0,18.004363160833524,26,SIDEWAYS
2024-03-03 22:00:00+00:00,2024-03-04 14:00:00+00:00,1,62827.43,66014.79293769816,0.3,709.6108991068974,0.011294603314299143,35.99999999999992,0.9934552587496563,35.006544741250266,tp2,6.0,35.006544741250266,27,SIDEWAYS
2024-03-05 18:00:00+00:00,2024-03-05 19:00:00+00:00,-1,63988.37,59183.36768265264,0.5,332.9258019761237,0.005202911122382453,25.000000000000043,0.46609612276657314,24.53390387723347,tp1,2.0,24.53390387723347,28,HIGH_VOL
2024-03-05 18:00:00+00:00,2024-03-05 23:00:00+00:00,-1,63988.37,63988.37,0.3,199.7554811856742,0.0031217466734294714,-0.0,0.2796576736599439,-0.2796576736599439,stop,6.0,-0.2796576736599439,29,HIGH_VOL
2024-03-05 18:00:00+00:00,2024-03-05 23:00:00+00:00,-1,63988.37,63988.37,0.2,133.1703207904495,0.0020811644489529815,-0.0,0.1864384491066293,-0.1864384491066293,stop,10.0,-0.1864384491066293,30,HIGH_VOL
2024-03-08 14:00:00+00:00,2024-03-08 16:00:00+00:00,1,68422.0,66401.75658366834,0.5,846.7049000986216,0.012374746428029312,-25.000000000000004,1.1853868601380702,-26.185386860138074,stop,2.0,-26.185386860138074,31,SIDEWAYS
2024-03-08 14:00:00+00:00,2024-03-08 16:00:00+00:00,1,68422.0,66401.75658366834,0.3,508.0229400591729,0.0074248478568175865,-15.0,0.7112321160828421,-15.711232116082842,stop,6.0,-15.711232116082842,32,SIDEWAYS
2024-03-08 14:00:00+00:00,2024-03-08 16:00:00+00:00,1,68422.0,66401.75658366834,0.2,338.68196003944865,0.004949898571211725,-10.000000000000002,0.4741547440552281,-10.47415474405523,stop,10.0,-10.47415474405523,33,SIDEWAYS
2024-03-14 15:00:00+00:00,2024-03-15 02:00:00+00:00,-1,70844.01,68165.62846609156,0.5,661.2576392040436,0.009333995057649104,25.0,0.925760694885661,24.07423930511434,tp1,2.0,24.07423930511434,34,SIDEWAYS
2024-03-14 15:00:00+00:00,2024-03-15 09:00:00+00:00,-1,70844.01,65844.36447003757,0.2,264.50305568161747,0.0037335980230596417,18.66666666666667,0.37030427795426446,18.296362388712406,tp3,10.0,18.296362388712406,35,SIDEWAYS
2024-03-14 15:00:00+00:00,2024-03-19 07:00:00+00:00,-1,70844.01,64415.89431861973,0.3,396.7545835224261,0.0056003970345894615,36.00000000000006,0.5554564169313966,35.44454358306866,tp2,6.0,35.44454358306866,36,SIDEWAYS
2024-03-24 18:00:00+00:00,2024-03-25 13:00:00+00:00,1,65846.01,67990.27750404032,0.5,767.6981752035389,0.011658993084069012,25.00000000000009,1.0747774452849543,23.925222554715134,tp1,2.0,23.925222554715134,37,SIDEWAYS
2024-03-24 18:00:00+00:00,2024-03-25 15:00:00+00:00,1,65846.01,69848.64267420859,0.2,307.0792700814156,0.004663597233627605,18.666666666666668,0.4299109781139818,18.236755688552687,tp3,10.0,18.236755688552687,38,SIDEWAYS
2024-03-24 18:00:00+00:00,2024-03-25 19:00:00+00:00,1,65846.01,70992.25200969676,0.3,460.6189051221233,0.006995395850441406,36.00000000000002,0.6448664671709726,35.35513353282905,tp2,6.0,35.35513353282905,39,SIDEWAYS
2024-03-29 09:00:00+00:00,2024-04-02 02:00:00+00:00,-1,69733.73,68033.86649815406,0.5,1025.5783762089438,0.014707063227636668,24.999999999999996,1.4358097266925214,23.564190273307474,tp1,2.0,23.564190273307474,40,SIDEWAYS
2024-03-29 09:00:00+00:00,2024-04-02 02:00:00+00:00,-1,69733.73,66560.65146322093,0.2,410.23135048357756,0.005882825291054667,18.66666666666663,0.5743238906770086,18.09234277598962,tp3,10.0,18.09234277598962,41,SIDEWAYS
2024-03-29 09:00:00+00:00,2024-04-02 10:00:00+00:00,-1,69733.73,65654.05759556976,0.3,615.3470257253663,0.008824237936582,36.00000000000002,0.8614858360155128,35.13851416398451,tp2,6.0,35.13851416398451,42,SIDEWAYS
2024-04-04 17:00:00+00:00,2024-04-05 05:00:00+00:00,1,68849.18,66736.74144653298,0.5,814.8068956491313,0.011834663762867348,-24.999999999999996,1.140729653908784,-26.14072965390878,stop,2.0,-26.14072965390878,43,OTHER
2024-04-04 17:00:00+00:00,2024-04-05 05:00:00+00:00,1,68849.18,66736.74144653298,0.3,488.8841373894788,0.007100798257720409,-14.999999999999998,0.6844377923452702,-15.684437792345268,stop,6.0,-15.684437792345268,44,OTHER
2024-04-04 17:00:00+00:00,2024-04-05 05:00:00+00:00,1,68849.18,66736.74144653298,0.2,325.92275825965254,0.004733865505146939,-9.999999999999998,0.45629186156351353,-10.456291861563512,stop,10.0,-10.456291861563512,45,OTHER
2024-04-09 13:00:00+00:00,2024-04-10 12:00:00+00:00,-1,69928.0,67867.13012065814,0.5,848.2825711239419,0.012130799838747597,25.0,1.1875955995735186,23.81240440042648,tp1,2.0,23.81240440042648,46,SIDEWAYS
2024-04-09 13:00:00+00:00,2024-04-10 19:00:00+00:00,-1,69928.0,69928.0,0.3,508.96954267436513,0.007278479903248558,-0.0,0.7125573597441112,-0.7125573597441112,stop,6.0,-0.7125573597441112,47,SIDEWAYS
2024-04-09 13:00:00+00:00,2024-04-10 19:00:00+00:00,-1,69928.0,69928.0,0.2,339.3130284495768,0.004852319935499039,-0.0,0.4750382398294075,-0.4750382398294075,stop,10.0,-0.4750382398294075,48,SIDEWAYS
2024-04-21 03:00:00+00:00,2024-04-22 22:00:00+00:00,1,65170.0,66927.25015900016,0.5,927.158829182872,0.014226773502882798,25.000000000000103,1.2980223608560206,23.701977639144083,tp1,2.0,23.701977639144083,49,BULL
2024-04-21 03:00:00+00:00,2024-04-24 14:00:00+00:00,1,65170.0,65170.0,0.3,556.2952975097231,0.008536064101729678,0.0,0.7788134165136124,-0.7788134165136124,stop,6.0,-0.7788134165136124,50,BULL
2024-04-21 03:00:00+00:00,2024-04-24 14:00:00+00:00,1,65170.0,65170.0,0.2,370.8635316731488,0.00569070940115312,0.0,0.5192089443424084,-0.5192089443424084,stop,10.0,-0.5192089443424084,51,BULL
2024-04-24 14:00:00+00:00,2024-04-24 20:00:00+00:00,-1,65234.85,63610.70386535252,0.5,1004.1407082829923,0.01539270356692768,24.999999999999996,1.4057969915961892,23.594203008403806,tp1,2.0,23.594203008403806,52,SIDEWAYS
2024-04-24 14:00:00+00:00,2024-04-25 21:00:00+00:00,-1,65234.85,65234.85,0.3,602.4844249697953,0.00923562214015661,-0.0,0.8434781949577135,-0.8434781949577135,stop,6.0,-0.8434781949577135,53,SIDEWAYS
2024-04-24 14:00:00+00:00,2024-04-25 21:00:00+00:00,-1,65234.85,65234.85,0.2,401.6562833131969,0.006157081426771073,-0.0,0.5623187966384757,-0.5623187966384757,stop,10.0,-0.5623187966384757,54,SIDEWAYS
2024-05-03 13:00:00+00:00,2024-05-04 10:00:00+00:00,1,61689.94,64072.31952226783,0.5,647.3563450259618,0.010493710076974654,25.0,0.9062988830363465,24.093701116963654,tp1,2.0,24.093701116963654,55,OTHER
2024-05-03 13:00:00+00:00,2024-05-08 20:00:00+00:00,1,61689.94,61689.94,0.3,388.41380701557705,0.0062962260461847915,0.0,0.5437793298218079,-0.5437793298218079,stop,6.0,-0.5437793298218079,56,OTHER
2024-05-03 13:00:00+00:00,2024-05-08 20:00:00+00:00,1,61689.94,61689.94,0.2,258.94253801038474,0.004197484030789862,0.0,0.3625195532145386,-0.3625195532145386,stop,10.0,-0.3625195532145386,57,OTHER
2024-05-13 07:00:00+00:00,2024-05-15 12:00:00+00:00,1,62334.37,63793.97308893853,0.5,1067.6595999349997,0.01712794402085077,25.0,1.4947234399089997,23.505276560091,tp1,2.0,23.505276560091,58,SIDEWAYS
2024-05-13 07:00:00+00:00,2024-05-15 16:00:00+00:00,1,62334.37,65058.96243268525,0.2,427.0638399739999,0.006851177608340309,18.666666666666615,0.5978893759635998,18.068777290703014,tp3,10.0,18.068777290703014,59,SIDEWAYS
2024-05-13 07:00:00+00:00,2024-05-15 19:00:00+00:00,1,62334.37,65837.41741345247,0.3,640.5957599609998,0.010276766412510461,35.999999999999915,0.8968340639453997,35.103165936054516,tp2,6.0,35.103165936054516,60,SIDEWAYS
2024-05-23 13:00:00+00:00,2024-05-27 15:00:00+00:00,-1,68036.14,70079.71693130696,0.5,832.3168430523407,0.012233451854445897,-25.000000000000004,1.165243580273277,-26.16524358027328,stop,2.0,-26.16524358027328,61,SIDEWAYS
2024-05-23 13:00:00+00:00,2024-05-27 15:00:00+00:00,-1,68036.14,70079.71693130696,0.3,499.3901058314044,0.007340071112667539,-15.000000000000002,0.6991461481639661,-15.699146148163967,stop,6.0,-15.699146148163967,62,SIDEWAYS
2024-05-23 13:00:00+00:00,2024-05-27 15:00:00+00:00,-1,68036.14,70079.71693130696,0.2,332.9267372209363,0.004893380741778359,-10.000000000000002,0.46609743210931076,-10.466097432109313,stop,10.0,-10.466097432109313,63,SIDEWAYS
2024-05-27 15:00:00+00:00,2024-05-28 01:00:00+00:00,1,70373.85,68933.36720521798,0.5,1221.358739148439,0.01735529233015444,-25.000000000000004,1.7099022348078148,-26.709902234807817,stop,2.0,-26.709902234807817,64,SIDEWAYS
2024-05-27 15:00:00+00:00,2024-05-28 01:00:00+00:00,1,70373.85,68933.36720521798,0.3,732.8152434890634,0.010413175398092663,-15.000000000000002,1.0259413408846887,-16.02594134088469,stop,6.0,-16.02594134088469,65,SIDEWAYS
2024-05-27 15:00:00+00:00,2024-05-28 01:00:00+00:00,1,70373.85,68933.36720521798,0.2,488.54349565937565,0.006942116932061776,-10.000000000000002,0.6839608939231259,-10.683960893923128,stop,10.0,-10.683960893923128,66,SIDEWAYS
2024-05-28 01:00:00+00:00,2024-05-31 16:00:00+00:00,-1,68614.11,66912.04351339837,0.5,1007.8059602858975,0.014688027874819006,25.0,1.4109283444002565,23.589071655599742,tp1,2.0,23.589071655599742,67,SIDEWAYS
2024-05-28 01:00:00+00:00,2024-06-03 02:00:00+00:00,-1,68614.11,68614.11,0.3,604.6835761715384,0.008812816724891403,-0.0,0.8465570066401538,-0.8465570066401538,stop,6.0,-0.8465570066401538,68,SIDEWAYS
2024-05-28 01:00:00+00:00,2024-06-03 02:00:00+00:00,-1,68614.11,68614.11,0.2,403.122384114359,0.005875211149927602,-0.0,0.5643713377601026,-0.5643713377601026,stop,10.0,-0.5643713377601026,69,SIDEWAYS
2024-06-07 17:00:00+00:00,2024-06-11 02:00:00+00:00,-1,69803.59,68115.97779505081,0.5,1034.058502825623,0.014813829816283418,25.0,1.4476819039558722,23.55231809604413,tp1,2.0,23.55231809604413,70,SIDEWAYS
2024-06-07 17:00:00+00:00,2024-06-11 13:00:00+00:00,-1,69803.59,66653.38055076152,0.2,413.62340113024925,0.005925531926513368,18.6666666666667,0.579072761582349,18.08759390508435,tp3,10.0,18.08759390508435,71,SIDEWAYS
2024-06-07 17:00:00+00:00,2024-06-12 14:00:00+00:00,-1,69803.59,69803.59,0.3,620.4351016953738,0.008888297889770051,-0.0,0.8686091423735233,-0.8686091423735233,stop,6.0,-0.8686091423735233,72,SIDEWAYS
2024-06-20 10:00:00+00:00,2024-06-20 14:00:00+00:00,1,66209.49,64950.44263107578,0.5,1314.674325092542,0.019856282310776626,-25.000000000000004,1.8405440551295587,-26.840544055129563,stop,2.0,-26.840544055129563,73,SIDEWAYS
2024-06-20 10:00:00+00:00,2024-06-20 14:00:00+00:00,1,66209.49,64950.44263107578,0.3,788.8045950555252,0.011913769386465975,-15.0,1.1043264330777351,-16.104326433077734,stop,6.0,-16.104326433077734,74,SIDEWAYS
2024-06-20 10:00:00+00:00,2024-06-20 14:00:00+00:00,1,66209.49,64950.44263107578,0.2,525.8697300370168,0.00794251292431065,-10.0,0.7362176220518235,-10.736217622051823,stop,10.0,-10.736217622051823,75,SIDEWAYS
2024-06-20 14:00:00+00:00,2024-06-21 13:00:00+00:00,-1,64952.02,63478.67724167417,0.5,1102.1199858783325,0.016968217245257846,25.0,1.5429679802296654,23.457032019770335,tp1,2.0,23.457032019770335,76,SIDEWAYS
2024-06-20 14:00:00+00:00,2024-06-24 06:00:00+00:00,-1,64952.02,62201.78018445846,0.2,440.847994351333,0.006787286898103139,18.666666666666657,0.6171871920918662,18.04947947457479,tp3,10.0,18.04947947457479,77,SIDEWAYS
2024-06-20 14:00:00+00:00,2024-06-24 09:00:00+00:00,-1,64952.02,61415.99738001802,0.3,661.2719915269995,0.010180930347154707,35.99999999999997,0.9257807881377993,35.07421921186217,tp2,6.0,35.07421921186217,78,SIDEWAYS
2024-06-30 17:00:00+00:00,2024-06-30 22:00:00+00:00,1,61707.99,62552.0139508298,0.5,1827.7914370596852,0.029620012530949157,25.0,2.558908011883559,22.44109198811644,tp1,2.0,22.44109198811644,79,SIDEWAYS
2024-06-30 17:00:00+00:00,2024-07-01 01:00:00+00:00,1,61707.99,63283.5013748823,0.2,731.1165748238741,0.011848005012379663,18.66666666666665,1.0235632047534238,17.643103461913228,tp3,10.0,17.643103461913228,80,SIDEWAYS
2024-06-30 17:00:00+00:00,2024-07-01 02:00:00+00:00,1,61707.99,63733.647481991524,0.3,1096.6748622358111,0.017772007518569496,35.99999999999995,1.5353448071301357,34.46465519286981,tp2,6.0,34.46465519286981,81,SIDEWAYS
2024-07-02 14:00:00+00:00,2024-07-03 03:00:00+00:00,-1,62035.43,60725.33938640033,0.5,1183.8003676239684,0.019082649505677132,24.999999999999996,1.657320514673556,23.34267948532644,tp1,2.0,23.34267948532644,82,SIDEWAYS
2024-07-02 14:00:00+00:00,2024-07-03 20:00:00+00:00,-1,62035.43,59589.92752128061,0.2,473.5201470495874,0.007633059802270854,18.666666666666714,0.6629282058694224,18.00373846079729,tp3,10.0,18.00373846079729,83,SIDEWAYS
2024-07-02 14:00:00+00:00,2024-07-04 01:00:00+00:00,-1,62035.43,58891.21252736079,0.3,710.280220574381,0.011449589703406279,36.00000000000003,0.9943923088041334,35.0056076911959,tp2,6.0,35.0056076911959,84,SIDEWAYS
2024-07-09 18:00:00+00:00,2024-07-14 05:00:00+00:00,1,57907.5,60116.29872295015,0.5,655.418479265696,0.011318369455868341,25.000000000000004,0.9175858709719743,24.08241412902803,tp1,2.0,24.08241412902803,85,OTHER
2024-07-09 18:00:00+00:00,2024-07-15 02:00:00+00:00,1,57907.5,62030.59094950695,0.2,262.1673917062784,0.004527347782347337,18.666666666666668,0.3670343483887898,18.29963231827788,tp3,10.0,18.29963231827788,86,OTHER
2024-07-09 18:00:00+00:00,2024-07-15 08:00:00+00:00,1,57907.5,63208.61693508036,0.3,393.25108755941756,0.006791021673521004,35.99999999999997,0.5505515225831846,35.44944847741679,tp2,6.0,35.44944847741679,87,OTHER
2024-07-18 14:00:00+00:00,2024-07-19 14:00:00+00:00,-1,63995.4,65771.44251234963,0.5,900.8145857293797,0.01407623963174509,-25.0,1.2611404200211316,-26.261140420021132,stop,2.0,-26.261140420021132,88,SIDEWAYS
2024-07-18 14:00:00+00:00,2024-07-19 14:00:00+00:00,-1,63995.4,65771.44251234963,0.3,540.4887514376278,0.008445743779047053,-15.0,0.7566842520126789,-15.756684252012679,stop,6.0,-15.756684252012679,89,SIDEWAYS
2024-07-18 14:00:00+00:00,2024-07-19 14:00:00+00:00,-1,63995.4,65771.44251234963,0.2,360.3258342917519,0.005630495852698036,-10.000000000000002,0.5044561680084526,-10.504456168008454,stop,10.0,-10.504456168008454,90,SIDEWAYS
2024-07-19 14:00:00+00:00,2024-07-21 17:00:00+00:00,1,65747.04,67666.54596227602,0.5,856.3015860867819,0.013024184603394799,25.0,1.1988222205214947,23.801177779478504,tp1,2.0,23.801177779478504,91,SIDEWAYS
2024-07-19 14:00:00+00:00,2024-07-23 17:00:00+00:00,1,65747.04,65747.04,0.3,513.7809516520691,0.007814510762036878,0.0,0.7192933323128967,-0.7192933323128967,stop,6.0,-0.7192933323128967,92,SIDEWAYS
2024-07-19 14:00:00+00:00,2024-07-23 17:00:00+00:00,1,65747.04,65747.04,0.2,342.52063443471275,0.00520967384135792,0.0,0.47952888820859785,-0.47952888820859785,stop,10.0,-0.47952888820859785,93,SIDEWAYS
2024-07-26 03:00:00+00:00,2024-07-27 13:00:00+00:00,1,67042.01,69158.19983645123,0.5,792.0131838505934,0.011813684939496793,25.000000000000085,1.1088184573908306,23.891181542609253,tp1,2.0,23.891181542609253,94,SIDEWAYS
2024-07-26 03:00:00+00:00,2024-07-27 20:00:00+00:00,1,67042.01,67042.01,0.3,475.207910310356,0.0070882109636980755,0.0,0.6652910744344984,-0.6652910744344984,stop,6.0,-0.6652910744344984,95,SIDEWAYS
2024-07-26 03:00:00+00:00,2024-07-27 20:00:00+00:00,1,67042.01,67042.01,0.2,316.80527354023735,0.004725473975798718,0.0,0.44352738295633226,-0.44352738295633226,stop,10.0,-0.44352738295633226,96,SIDEWAYS
2024-07-29 16:00:00+00:00,2024-07-31 20:00:00+00:00,-1,66940.01,64855.354248996715,0.5,802.7705529771956,0.011992387706204342,24.99999999999991,1.1238787741680738,23.876121225831838,tp1,2.0,23.876121225831838,97,SIDEWAYS
2024-07-29 16:00:00+00:00,2024-08-01 15:00:00+00:00,-1,66940.01,63048.6525981272,0.2,321.1082211908783,0.004796955082481737,18.666666666666636,0.44955150966722957,18.217115156999405,tp3,10.0,18.217115156999405,98,SIDEWAYS
2024-07-29 16:00:00+00:00,2024-08-02 21:00:00+00:00,-1,66940.01,61936.836197592114,0.3,481.66233178631734,0.007195432623722605,35.999999999999936,0.6743272645008442,35.32567273549909,tp2,6.0,35.32567273549909,99,SIDEWAYS
2024-08-07 08:00:00+00:00,2024-08-07 22:00:00+00:00,1,57348.0,54597.502646895104,0.5,521.2511833111089,0.009089265245712299,-25.000000000000004,0.7297516566355524,-25.729751656635557,stop,2.0,-25.729751656635557,100,RECOVERY
2024-08-07 08:00:00+00:00,2024-08-07 22:00:00+00:00,1,57348.0,54597.502646895104,0.3,312.7507099866653,0.005453559147427379,-15.0,0.4378509939813314,-15.437850993981332,stop,6.0,-15.437850993981332,101,RECOVERY
2024-08-07 08:00:00+00:00,2024-08-07 22:00:00+00:00,1,57348.0,54597.502646895104,0.2,208.50047332444356,0.0036357060982849195,-10.000000000000002,0.291900662654221,-10.291900662654223,stop,10.0,-10.291900662654223,102,RECOVERY
2024-08-11 19:00:00+00:00,2024-08-12 00:00:00+00:00,-1,59621.11,58122.22718499663,0.5,994.4258050597808,0.016679089085389065,25.0,1.3921961270836931,23.607803872916307,tp1,2.0,23.607803872916307,103,SIDEWAYS
2024-08-11 19:00:00+00:00,2024-08-12 11:00:00+00:00,-1,59621.11,59621.11,0.3,596.6554830358684,0.010007453451233437,-0.0,0.8353176762502158,-0.8353176762502158,stop,6.0,-0.8353176762502158,104,SIDEWAYS
2024-08-11 19:00:00+00:00,2024-08-12 11:00:00+00:00,-1,59621.11,59621.11,0.2,397.77032202391234,0.006671635634155626,-0.0,0.5568784508334773,-0.5568784508334773,stop,10.0,-0.5568784508334773,105,SIDEWAYS
2024-08-13 16:00:00+00:00,2024-08-14 16:00:00+00:00,1,61157.59,58642.100828513074,0.5,607.810109989952,0.009938424813501514,-24.999999999999996,0.8509341539859329,-25.85093415398593,stop,2.0,-25.85093415398593,106,BULL
2024-08-13 16:00:00+00:00,2024-08-14 16:00:00+00:00,1,61157.59,58642.100828513074,0.3,364.6860659939712,0.0059630548881009085,-14.999999999999998,0.5105604923915598,-15.510560492391559,stop,6.0,-15.510560492391559,107,BULL
2024-08-13 16:00:00+00:00,2024-08-14 16:00:00+00:00,1,61157.59,58642.100828513074,0.2,243.12404399598083,0.003975369925400606,-10.0,0.34037366159437316,-10.340373661594374,stop,10.0,-10.340373661594374,108,BULL
2024-08-14 17:00:00+00:00,2024-08-15 19:00:00+00:00,-1,59168.36,56867.660902435404,0.5,642.938923028142,0.010866262357586757,25.0,0.9001144922393988,24.0998855077606,tp1,2.0,24.0998855077606,109,SIDEWAYS
2024-08-14 17:00:00+00:00,2024-08-16 17:00:00+00:00,-1,59168.36,59168.36,0.3,385.76335381688517,0.006519757414552054,-0.0,0.5400686953436392,-0.5400686953436392,stop,6.0,-0.5400686953436392,110,SIDEWAYS
2024-08-14 17:00:00+00:00,2024-08-16 17:00:00+00:00,-1,59168.36,59168.36,0.2,257.1755692112568,0.004346504943034703,-0.0,0.3600457968957595,-0.3600457968957595,stop,10.0,-0.3600457968957595,111,SIDEWAYS
2024-08-18 02:00:00+00:00,2024-08-18 23:00:00+00:00,1,60126.0,58945.06825964335,0.5,1272.850875822877,0.021169724841547367,-25.0,1.7819912261520279,-26.781991226152027,stop,2.0,-26.781991226152027,112,SIDEWAYS
2024-08-18 02:00:00+00:00,2024-08-18 23:00:00+00:00,1,60126.0,58945.06825964335,0.3,763.7105254937262,0.01270183490492842,-15.0,1.0691947356912166,-16.069194735691216,stop,6.0,-16.069194735691216,113,SIDEWAYS
2024-08-18 02:00:00+00:00,2024-08-18 23:00:00+00:00,1,60126.0,58945.06825964335,0.2,509.1403503291508,0.008467889936618947,-10.0,0.7127964904608112,-10.71279649046081,stop,10.0,-10.71279649046081,114,SIDEWAYS
2024-08-19 04:00:00+00:00,2024-08-20 00:00:00+00:00,-1,58582.0,59905.04220203066,0.5,1106.9563750514915,0.018895844714272157,-25.0,1.549738925072088,-26.549738925072088,stop,2.0,-26.549738925072088,115,SIDEWAYS
2024-08-19 04:00:00+00:00,2024-08-20 00:00:00+00:00,-1,58582.0,59905.04220203066,0.3,664.1738250308948,0.011337506828563293,-14.999999999999998,0.9298433550432528,-15.929843355043252,stop,6.0,-15.929843355043252,116,SIDEWAYS
2024-08-19 04:00:00+00:00,2024-08-20 00:00:00+00:00,-1,58582.0,59905.04220203066,0.2,442.7825500205966,0.007558337885708863,-10.0,0.6198955700288352,-10.619895570028834,stop,10.0,-10.619895570028834,117,SIDEWAYS
2024-08-20 00:00:00+00:00,2024-08-20 15:00:00+00:00,1,60482.78,58711.62948043304,0.5,853.7216251782462,0.014115118802049876,-25.0,1.1952102752495446,-26.195210275249543,stop,2.0,-26.195210275249543,118,SIDEWAYS
2024-08-20 00:00:00+00:00,2024-08-20 15:00:00+00:00,1,60482.78,58711.62948043304,0.3,512.2329751069477,0.008469071281229926,-15.000000000000002,0.7171261651497268,-15.717126165149729,stop,6.0,-15.717126165149729,119,SIDEWAYS
2024-08-20 00:00:00+00:00,2024-08-20 15:00:00+00:00,1,60482.78,58711.62948043304,0.2,341.4886500712985,0.005646047520819951,-10.0,0.4780841100998179,-10.478084110099818,stop,10.0,-10.478084110099818,120,SIDEWAYS
2024-08-21 03:00:00+00:00,2024-08-21 19:00:00+00:00,-1,59320.0,60915.725964194,0.5,929.3575671992395,0.015666850424801745,-25.0,1.3011005940789353,-26.301100594078935,stop,2.0,-26.301100594078935,121,SIDEWAYS
2024-08-21 03:00:00+00:00,2024-08-21 19:00:00+00:00,-1,59320.0,60915.725964194,0.3,557.6145403195437,0.009400110254881047,-14.999999999999998,0.7806603564473612,-15.78066035644736,stop,6.0,-15.78066035644736,122,SIDEWAYS
2024-08-21 03:00:00+00:00,2024-08-21 19:00:00+00:00,-1,59320.0,60915.725964194,0.2,371.74302687969583,0.006266740169920699,-10.000000000000002,0.5204402376315742,-10.520440237631576,stop,10.0,-10.520440237631576,123,SIDEWAYS
2024-08-21 19:00:00+00:00,2024-08-23 19:00:00+00:00,1,61570.0,63629.53305010655,0.5,747.3781495860768,0.012138673860420283,25.000000000000004,1.0463294094205076,23.953670590579495,tp1,2.0,23.953670590579495,124,SIDEWAYS
2024-08-21 19:00:00+00:00,2024-08-27 15:00:00+00:00,1,61570.0,61570.0,0.3,448.42688975164606,0.007283204316252169,0.0,0.6277976456523044,-0.6277976456523044,stop,6.0,-0.6277976456523044,125,SIDEWAYS
2024-08-21 19:00:00+00:00,2024-08-27 15:00:00+00:00,1,61570.0,61570.0,0.2,298.95125983443074,0.004855469544168114,0.0,0.41853176376820306,-0.41853176376820306,stop,10.0,-0.41853176376820306,126,SIDEWAYS
2024-09-02 22:00:00+00:00,2024-09-03 14:00:00+00:00,1,59349.99,57805.694903899894,0.5,960.7941861286725,0.016188615804799168,-25.0,1.3451118605801415,-26.34511186058014,stop,2.0,-26.34511186058014,127,SIDEWAYS
2024-09-02 22:00:00+00:00,2024-09-03 14:00:00+00:00,1,59349.99,57805.694903899894,0.3,576.4765116772035,0.0097131694828795,-14.999999999999996,0.8070671163480848,-15.807067116348081,stop,6.0,-15.807067116348081,128,SIDEWAYS
2024-09-02 22:00:00+00:00,2024-09-03 14:00:00+00:00,1,59349.99,57805.694903899894,0.2,384.31767445146903,0.006475446321919667,-10.0,0.5380447442320566,-10.538044744232057,stop,10.0,-10.538044744232057,129,SIDEWAYS
2024-09-03 14:00:00+00:00,2024-09-04 01:00:00+00:00,-1,57672.84,56102.19406569501,0.5,917.9796467865358,0.01591701824960477,25.000000000000004,1.2851715055011501,23.714828494498853,tp1,2.0,23.714828494498853,130,SIDEWAYS
2024-09-03 14:00:00+00:00,2024-09-04 15:00:00+00:00,-1,57672.84,57672.84,0.3,550.7877880719215,0.00955021094976286,-0.0,0.77110290330069,-0.77110290330069,stop,6.0,-0.77110290330069,131,SIDEWAYS
2024-09-03 14:00:00+00:00,2024-09-04 15:00:00+00:00,-1,57672.84,57672.84,0.2,367.19185871461434,0.006366807299841908,-0.0,0.51406860220046,-0.51406860220046,stop,10.0,-0.51406860220046,132,SIDEWAYS
2024-09-09 09:00:00+00:00,2024-09-09 17:00:00+00:00,1,55152.0,56551.46578852503,0.5,985.233087729277,0.01786395938006377,25.0,1.3793263228209878,23.620673677179013,tp1,2.0,23.620673677179013,133,SIDEWAYS
2024-09-09 09:00:00+00:00,2024-09-09 21:00:00+00:00,1,55152.0,57764.33613858005,0.2,394.0932350917108,0.007145583752025508,18.666666666666682,0.5517305291283952,18.114936137538287,tp3,10.0,18.114936137538287,134,SIDEWAYS
2024-09-09 09:00:00+00:00,2024-09-12 14:00:00+00:00,1,55152.0,58510.71789246007,0.3,591.1398526375662,0.01071837562803826,36.00000000000001,0.8275957936925926,35.17240420630741,tp2,6.0,35.17240420630741,135,SIDEWAYS
2024-09-13 15:00:00+00:00,2024-09-16 14:00:00+00:00,1,59667.38,57969.02487325113,0.5,878.3113004495756,0.014720125141234216,-25.0,1.2296358206294058,-26.229635820629404,stop,2.0,-26.229635820629404,136,BULL
2024-09-13 15:00:00+00:00,2024-09-16 14:00:00+00:00,1,59667.38,57969.02487325113,0.3,526.9867802697453,0.008832075084740529,-14.999999999999998,0.7377814923776433,-15.737781492377641,stop,6.0,-15.737781492377641,137,BULL
2024-09-13 15:00:00+00:00,2024-09-16 14:00:00+00:00,1,59667.38,57969.02487325113,0.2,351.32452017983024,0.005888050056493686,-10.0,0.49185432825176234,-10.491854328251762,stop,10.0,-10.491854328251762,138,BULL
2024-09-17 14:00:00+00:00,2024-09-19 00:00:00+00:00,1,60265.17,61970.89343043139,0.5,883.2787444439117,0.014656537838421625,25.0,1.2365902422214763,23.763409757778525,tp1,2.0,23.763409757778525,139,SIDEWAYS
2024-09-17 14:00:00+00:00,2024-09-19 14:00:00+00:00,1,60265.17,63449.18707013859,0.2,353.3114977775647,0.00586261513536865,18.666666666666668,0.49463609688859056,18.172030569778077,tp3,10.0,18.172030569778077,140,SIDEWAYS
2024-09-17 14:00:00+00:00,2024-09-23 03:00:00+00:00,1,60265.17,64358.90623303533,0.3,529.967246666347,0.008793922703052974,36.0,0.7419541453328858,35.25804585466712,tp2,6.0,35.25804585466712,141,SIDEWAYS
2024-09-25 01:00:00+00:00,2024-09-26 01:00:00+00:00,1,64390.01,62705.85371714323,0.5,955.8199950834983,0.014844228088852576,-25.0,1.3381479931168976,-26.3381479931169,stop,2.0,-26.3381479931169,142,SIDEWAYS
2024-09-25 01:00:00+00:00,2024-09-26 01:00:00+00:00,1,64390.01,62705.85371714323,0.3,573.4919970500989,0.008906536853311544,-14.999999999999998,0.8028887958701385,-15.802888795870137,stop,6.0,-15.802888795870137,143,SIDEWAYS
2024-09-25 01:00:00+00:00,2024-09-26 01:00:00+00:00,1,64390.01,62705.85371714323,0.2,382.32799803339935,0.005937691235541031,-10.000000000000002,0.5352591972467591,-10.535259197246761,stop,10.0,-10.535259197246761,144,SIDEWAYS
2024-09-26 14:00:00+00:00,2024-09-27 09:00:00+00:00,1,64426.64,65854.16055715406,0.5,1128.2961859484997,0.017512882651469944,25.0,1.5796146603278995,23.4203853396721,tp1,2.0,23.4203853396721,145,SIDEWAYS
2024-09-26 14:00:00+00:00,2024-09-30 02:00:00+00:00,1,64426.64,64426.64,0.3,676.9777115690998,0.010507729590881969,0.0,0.9477687961967397,-0.9477687961967397,stop,6.0,-0.9477687961967397,146,SIDEWAYS
2024-09-26 14:00:00+00:00,2024-09-30 02:00:00+00:00,1,64426.64,64426.64,0.2,451.3184743793999,0.007005153060587979,0.0,0.6318458641311598,-0.6318458641311598,stop,10.0,-0.6318458641311598,147,SIDEWAYS
2024-10-04 19:00:00+00:00,2024-10-07 14:00:00+00:00,1,62368.0,64066.47779476114,0.5,917.998460038317,0.014719062019598465,25.0,1.2851978440536438,23.714802155946355,tp1,2.0,23.714802155946355,148,SIDEWAYS
2024-10-04 19:00:00+00:00,2024-10-07 23:00:00+00:00,1,62368.0,62368.0,0.3,550.7990760229902,0.008831437211759078,0.0,0.7711187064321863,-0.7711187064321863,stop,6.0,-0.7711187064321863,149,SIDEWAYS
2024-10-04 19:00:00+00:00,2024-10-07 23:00:00+00:00,1,62368.0,62368.0,0.2,367.1993840153268,0.005887624807839386,0.0,0.5140791376214575,-0.5140791376214575,stop,10.0,-0.5140791376214575,150,SIDEWAYS
2024-10-07 23:00:00+00:00,2024-10-09 20:00:00+00:00,-1,62224.0,60350.34446312057,0.5,830.2486606427401,0.013342900820306314,24.999999999999996,1.1623481248998362,23.83765187510016,tp1,2.0,23.83765187510016,151,HIGH_VOL
2024-10-07 23:00:00+00:00,2024-10-11 15:00:00+00:00,-1,62224.0,62224.0,0.3,498.149196385644,0.008005740492183788,-0.0,0.6974088749399017,-0.6974088749399017,stop,6.0,-0.6974088749399017,152,HIGH_VOL
2024-10-07 23:00:00+00:00,2024-10-11 15:00:00+00:00,-1,62224.0,62224.0,0.2,332.0994642570961,0.005337160328122526,-0.0,0.4649392499599345,-0.4649392499599345,stop,10.0,-0.4649392499599345,153,HIGH_VOL
2024-10-11 19:00:00+00:00,2024-10-14 07:00:00+00:00,1,63086.01,64608.37012097348,0.5,1035.990255046544,0.016421870000124336,24.999999999999996,1.4503863570651616,23.549613642934833,tp1,2.0,23.549613642934833,154,OTHER
2024-10-11 19:00:00+00:00,2024-10-14 14:00:00+00:00,1,63086.01,65927.74889248383,0.2,414.3961020186176,0.0065687480000497355,18.666666666666664,0.5801545428260647,18.0865121238406,tp3,10.0,18.0865121238406,155,OTHER
2024-10-11 19:00:00+00:00,2024-10-15 13:00:00+00:00,1,63086.01,66739.67429033635,0.3,621.5941530279264,0.009853122000074602,36.000000000000014,0.8702318142390969,35.129768185760916,tp2,6.0,35.129768185760916,156,OTHER
2024-10-21 11:00:00+00:00,2024-10-21 14:00:00+00:00,-1,68238.01,67124.00378041409,0.5,1531.365103719195,0.022441526412027478,25.0,2.143911145206873,22.85608885479313,tp1,2.0,22.85608885479313,157,SIDEWAYS
2024-10-21 11:00:00+00:00,2024-10-23 12:00:00+00:00,-1,68238.01,66158.53172343964,0.2,612.546041487678,0.008976610564810993,18.66666666666668,0.8575644580827493,17.80910220858393,tp3,10.0,17.80910220858393,158,SIDEWAYS
2024-10-21 11:00:00+00:00,2024-10-23 18:00:00+00:00,-1,68238.01,65564.39507299382,0.3,918.819062231517,0.013464915847216487,35.999999999999964,1.2863466871241238,34.71365331287584,tp2,6.0,34.71365331287584,159,SIDEWAYS
2024-10-24 19:00:00+00:00,2024-10-25 17:00:00+00:00,1,68309.79,66805.86642051955,0.5,1135.5262815880399,0.016623185074760734,-25.000000000000004,1.5897367942232559,-26.58973679422326,stop,2.0,-26.58973679422326,160,SIDEWAYS
2024-10-24 19:00:00+00:00,2024-10-25 17:00:00+00:00,1,68309.79,66805.86642051955,0.3,681.3157689528239,0.00997391104485644,-15.0,0.9538420765339534,-15.953842076533954,stop,6.0,-15.953842076533954,161,SIDEWAYS
2024-10-24 19:00:00+00:00,2024-10-25 17:00:00+00:00,1,68309.79,66805.86642051955,0.2,454.210512635216,0.006649274029904294,-10.000000000000002,0.6358947176893024,-10.635894717689304,stop,10.0,-10.635894717689304,162,SIDEWAYS
2024-10-25 22:00:00+00:00,2024-10-28 10:00:00+00:00,-1,66626.42,68751.80092357154,0.5,783.6997507256161,0.011762597340898942,-24.999999999999996,1.0971796510158625,-26.09717965101586,stop,2.0,-26.09717965101586,163,SIDEWAYS
2024-10-25 22:00:00+00:00,2024-10-28 10:00:00+00:00,-1,66626.42,68751.80092357154,0.3,470.21985043536966,0.007057558404539366,-14.999999999999998,0.6583077906095175,-15.658307790609516,stop,6.0,-15.658307790609516,164,SIDEWAYS
2024-10-25 22:00:00+00:00,2024-10-28 10:00:00+00:00,-1,66626.42,68751.80092357154,0.2,313.47990029024646,0.0047050389363595775,-10.0,0.438871860406345,-10.438871860406344,stop,10.0,-10.438871860406344,165,SIDEWAYS
2024-10-31 14:00:00+00:00,2024-11-01 02:00:00+00:00,-1,70752.02,69046.12769570641,0.5,1036.877003048828,0.014655086922590026,25.0,1.4516278042683592,23.54837219573164,tp1,2.0,23.54837219573164,166,SIDEWAYS
2024-10-31 14:00:00+00:00,2024-11-01 13:00:00+00:00,-1,70752.02,70752.02,0.3,622.1262018292969,0.008793052153554016,-0.0,0.8709766825610156,-0.8709766825610156,stop,6.0,-0.8709766825610156,167,SIDEWAYS
2024-10-31 14:00:00+00:00,2024-11-01 13:00:00+00:00,-1,70752.02,70752.02,0.2,414.75080121953124,0.0058620347690360106,-0.0,0.5806511217073437,-0.5806511217073437,stop,10.0,-0.5806511217073437,168,SIDEWAYS
2024-11-05 14:00:00+00:00,2024-11-06 02:00:00+00:00,1,69964.0,71771.44991069258,0.5,967.7169971088045,0.013831641945983714,25.0,1.3548037959523263,23.645196204047675,tp1,2.0,23.645196204047675,169,SIDEWAYS
2024-11-05 14:00:00+00:00,2024-11-06 03:00:00+00:00,1,69964.0,74301.8797856622,0.3,580.6301982652827,0.008298985167590228,36.00000000000005,0.8128822775713959,35.18711772242865,tp2,6.0,35.18711772242865,170,SIDEWAYS
2024-11-05 14:00:00+00:00,2024-11-06 03:00:00+00:00,1,69964.0,73337.90649995948,0.2,387.0867988435218,0.0055326567783934855,18.666666666666682,0.5419215183809305,18.12474514828575,tp3,10.0,18.12474514828575,171,SIDEWAYS
2024-11-14 20:00:00+00:00,2024-11-18 07:00:00+00:00,-1,87612.66,92293.5100567715,0.5,467.9313529454774,0.005340910239975335,-25.000000000000004,0.6551038941236683,-25.655103894123673,stop,2.0,-25.655103894123673,172,OTHER
2024-11-14 20:00:00+00:00,2024-11-18 07:00:00+00:00,-1,87612.66,92293.5100567715,0.3,280.75881176728643,0.0032045461439852005,-15.0,0.393062336474201,-15.393062336474202,stop,6.0,-15.393062336474202,173,OTHER
2024-11-14 20:00:00+00:00,2024-11-18 07:00:00+00:00,-1,87612.66,92293.5100567715,0.2,187.17254117819095,0.0021363640959901338,-10.0,0.26204155764946735,-10.262041557649468,stop,10.0,-10.262041557649468,174,OTHER
2024-11-18 15:00:00+00:00,2024-11-21 03:00:00+00:00,1,92309.51,95710.19769296737,0.5,678.6091397844041,0.0073514542519444,24.999999999999996,0.9500527956981657,24.04994720430183,tp1,2.0,24.04994720430183,175,SIDEWAYS
2024-11-18 15:00:00+00:00,2024-11-21 19:00:00+00:00,1,92309.51,98657.46036020576,0.2,271.44365591376163,0.00294058170077776,18.666666666666668,0.38002111827926627,18.2866455483874,tp3,10.0,18.2866455483874,176,SIDEWAYS
2024-11-18 15:00:00+00:00,2024-11-26 10:00:00+00:00,1,92309.51,92309.51,0.3,407.16548387064245,0.00441087255116664,0.0,0.5700316774188994,-0.5700316774188994,stop,6.0,-0.5700316774188994,177,SIDEWAYS
2024-11-29 11:00:00+00:00,2024-12-02 08:00:00+00:00,1,97237.91,95070.68925351171,0.5,1121.6890360333805,0.011535511571910384,-24.999999999999996,1.5703646504467326,-26.570364650446727,stop,2.0,-26.570364650446727,178,SIDEWAYS
2024-11-29 11:00:00+00:00,2024-12-02 08:00:00+00:00,1,97237.91,95070.68925351171,0.3,673.0134216200282,0.00692130694314623,-14.999999999999996,0.9422187902680395,-15.942218790268036,stop,6.0,-15.942218790268036,179,SIDEWAYS
2024-11-29 11:00:00+00:00,2024-12-02 08:00:00+00:00,1,97237.91,95070.68925351171,0.2,448.6756144133522,0.004614204628764154,-10.0,0.6281458601786931,-10.628145860178693,stop,10.0,-10.628145860178693,180,SIDEWAYS
2024-12-04 20:00:00+00:00,2024-12-05 03:00:00+00:00,1,98747.97,101775.4226600883,0.5,815.4377713466871,0.008257767439135073,24.999999999999996,1.141612879885362,23.858387120114635,tp1,2.0,23.858387120114635,181,BULL
2024-12-04 20:00:00+00:00,2024-12-05 19:00:00+00:00,1,98747.97,98747.97,0.3,489.26266280801224,0.004954660463481044,0.0,0.6849677279312171,-0.6849677279312171,stop,6.0,-0.6849677279312171,182,BULL
2024-12-04 20:00:00+00:00,2024-12-05 19:00:00+00:00,1,98747.97,98747.97,0.2,326.17510853867486,0.00330310697565403,0.0,0.4566451519541448,-0.4566451519541448,stop,10.0,-0.4566451519541448,183,BULL
2024-12-09 05:00:00+00:00,2024-12-09 19:00:00+00:00,-1,99435.87,97030.28588149692,0.5,1033.385916908573,0.010392486302061552,25.0,1.4467402836720022,23.553259716327997,tp1,2.0,23.553259716327997,184,SIDEWAYS
2024-12-09 05:00:00+00:00,2024-12-09 21:00:00+00:00,-1,99435.87,94945.4463121276,0.2,413.35436676342925,0.004156994520824621,18.66666666666661,0.5786961134688009,18.08797055319781,tp3,10.0,18.08797055319781,185,SIDEWAYS
2024-12-09 05:00:00+00:00,2024-12-11 14:00:00+00:00,-1,99435.87,99435.87,0.3,620.0315501451438,0.00623549178123693,-0.0,0.8680441702032013,-0.8680441702032013,stop,6.0,-0.8680441702032013,186,SIDEWAYS
2024-12-11 15:00:00+00:00,2024-12-15 23:00:00+00:00,1,100361.64,103558.72051515046,0.5,784.7913082295081,0.007819634157328519,25.000000000000004,1.0987078315213112,23.901292168478694,tp1,2.0,23.901292168478694,187,OTHER
2024-12-11 15:00:00+00:00,2024-12-16 00:00:00+00:00,1,100361.64,106329.52362828088,0.2,313.9165232918033,0.0031278536629314076,18.66666666666672,0.4394831326085246,18.227183534058195,tp3,10.0,18.227183534058195,188,OTHER
2024-12-11 15:00:00+00:00,2024-12-17 14:00:00+00:00,1,100361.64,108034.63323636111,0.3,470.8747849377048,0.0046917804943971105,36.000000000000036,0.6592246989127868,35.34077530108725,tp2,6.0,35.34077530108725,189,OTHER
2024-12-18 04:00:00+00:00,2024-12-18 20:00:00+00:00,-1,103868.01,100498.73262766912,0.5,770.6994595709386,0.007419988691137326,25.000000000000004,1.0789792433993142,23.92102075660069,tp1,2.0,23.92102075660069,190,SIDEWAYS
2024-12-18 04:00:00+00:00,2024-12-19 17:00:00+00:00,-1,103868.01,97578.69223831569,0.2,308.27978382837546,0.0029679954764549304,18.666666666666657,0.43159169735972563,18.235074969306933,tp3,10.0,18.235074969306933,191,SIDEWAYS
2024-12-18 04:00:00+00:00,2024-12-19 20:00:00+00:00,-1,103868.01,95781.7443064059,0.3,462.4196757425632,0.004451993214682396,35.99999999999993,0.6473875460395885,35.35261245396034,tp2,6.0,35.35261245396034,192,SIDEWAYS
2024-12-24 14:00:00+00:00,2024-12-27 15:00:00+00:00,1,97465.06,94310.09766768255,0.5,772.3155598533567,0.007924024874692086,-24.999999999999996,1.0812417837946995,-26.081241783794695,stop,2.0,-26.081241783794695,193,OTHER
2024-12-24 14:00:00+00:00,2024-12-27 15:00:00+00:00,1,97465.06,94310.09766768255,0.3,463.389335912014,0.004754414924815252,-15.000000000000002,0.6487450702768196,-15.64874507027682,stop,6.0,-15.64874507027682,194,OTHER
2024-12-24 14:00:00+00:00,2024-12-27 15:00:00+00:00,1,97465.06,94310.09766768255,0.2,308.9262239413427,0.003169609949876835,-10.000000000000002,0.43249671351787977,-10.432496713517882,stop,10.0,-10.432496713517882,195,OTHER
2024-12-31 13:00:00+00:00,2025-01-03 16:00:00+00:00,1,95587.12,98364.54604165017,0.5,860.3930272721853,0.009001139769376726,25.0,1.2045502381810596,23.79544976181894,tp1,2.0,23.79544976181894,196,SIDEWAYS
2024-12-31 13:00:00+00:00,2025-01-06 14:00:00+00:00,1,95587.12,100771.64861108034,0.2,344.15721090887416,0.0036004559077506904,18.6666666666667,0.4818200952724238,18.184846571394274,tp3,10.0,18.184846571394274,197,SIDEWAYS
2024-12-31 13:00:00+00:00,2025-01-06 15:00:00+00:00,1,95587.12,102252.94249996042,0.3,516.2358163633112,0.005400683861626035,35.99999999999999,0.7227301429086357,35.277269857091355,tp2,6.0,35.277269857091355,198,SIDEWAYS
2025-01-07 15:00:00+00:00,2025-01-08 06:00:00+00:00,-1,97952.26,95284.85929910302,0.5,918.0497325266988,0.009372420121053857,25.000000000000004,1.2852696255373783,23.714730374462626,tp1,2.0,23.714730374462626,199,SIDEWAYS
2025-01-07 15:00:00+00:00,2025-01-08 17:00:00+00:00,-1,97952.26,92973.11202499231,0.2,367.2198930106795,0.003748968048421543,18.666666666666632,0.5141078502149513,18.15255881645168,tp3,10.0,18.15255881645168,200,SIDEWAYS
2025-01-07 15:00:00+00:00,2025-01-09 20:00:00+00:00,-1,97952.26,91550.49831784726,0.3,550.8298395160192,0.0056234520726323135,35.999999999999915,0.7711617753224269,35.22883822467749,tp2,6.0,35.22883822467749,201,SIDEWAYS
2025-01-13 00:00:00+00:00,2025-01-13 06:00:00+00:00,1,95325.43,93545.12085919628,0.5,1338.6078267980704,0.014042504993662976,-25.0,1.8740509575172986,-26.874050957517298,stop,2.0,-26.874050957517298,202,SIDEWAYS
2025-01-13 00:00:00+00:00,2025-01-13 06:00:00+00:00,1,95325.43,93545.12085919628,0.3,803.1646960788422,0.008425502996197785,-15.0,1.124430574510379,-16.124430574510377,stop,6.0,-16.124430574510377,203,SIDEWAYS
2025-01-13 00:00:00+00:00,2025-01-13 06:00:00+00:00,1,95325.43,93545.12085919628,0.2,535.4431307192282,0.005617001997465191,-10.000000000000002,0.7496203830069195,-10.74962038300692,stop,10.0,-10.74962038300692,204,SIDEWAYS
2025-01-13 06:00:00+00:00,2025-01-13 10:00:00+00:00,-1,93637.37,91471.21474596925,0.5,1080.6862738227228,0.011541185680703366,25.000000000000004,1.512960783351812,23.487039216648192,tp1,2.0,23.487039216648192,205,SIDEWAYS
2025-01-13 06:00:00+00:00,2025-01-13 14:00:00+00:00,-1,93637.37,89593.88019247595,0.2,432.27450952908913,0.0046164742722813465,18.666666666666625,0.6051843133407248,18.0614823533259,tp3,10.0,18.0614823533259,206,SIDEWAYS
2025-01-13 06:00:00+00:00,2025-01-13 20:00:00+00:00,-1,93637.37,93637.37,0.3,648.4117642936336,0.0069247114084220185,-0.0,0.9077764700110871,-0.9077764700110871,stop,6.0,-0.9077764700110871,207,SIDEWAYS
2025-01-14 09:00:00+00:00,2025-01-15 20:00:00+00:00,1,97159.44,100206.12580136709,0.5,797.2551678647282,0.00820563774209411,25.000000000000004,1.1161572350106195,23.883842764989385,tp1,2.0,23.883842764989385,208,OTHER
2025-01-14 09:00:00+00:00,2025-01-17 12:00:00+00:00,1,97159.44,102846.58682921856,0.2,318.9020671458913,0.0032822550968376442,18.666666666666664,0.4464628940042478,18.220203772662416,tp3,10.0,18.220203772662416,209,OTHER
2025-01-14 09:00:00+00:00,2025-01-17 16:00:00+00:00,1,97159.44,104471.48592328101,0.3,478.35310071883686,0.004923382645256466,36.000000000000014,0.6696943410063716,35.330305658993645,tp2,6.0,35.330305658993645,210,OTHER
2025-01-19 23:00:00+00:00,2025-01-20 06:00:00+00:00,-1,101331.57,106208.63956258117,0.5,519.4285661694089,0.005126028997373759,-25.0,0.7271999926371725,-25.72719999263717,stop,2.0,-25.72719999263717,211,SIDEWAYS
2025-01-19 23:00:00+00:00,2025-01-20 06:00:00+00:00,-1,101331.57,106208.63956258117,0.3,311.65713970164535,0.0030756173984242555,-15.000000000000002,0.4363199955823035,-15.436319995582306,stop,6.0,-15.436319995582306,212,SIDEWAYS
2025-01-19 23:00:00+00:00,2025-01-20 06:00:00+00:00,-1,101331.57,106208.63956258117,0.2,207.77142646776358,0.0020504115989495035,-10.0,0.290879997054869,-10.29087999705487,stop,10.0,-10.29087999705487,213,SIDEWAYS
2025-01-24 18:00:00+00:00,2025-01-26 23:00:00+00:00,1,106327.72,102659.38798880517,0.5,724.6326101039556,0.006815086508992722,-25.000000000000004,1.0144856541455378,-26.014485654145542,stop,2.0,-26.014485654145542,214,SIDEWAYS
2025-01-24 18:00:00+00:00,2025-01-26 23:00:00+00:00,1,106327.72,102659.38798880517,0.3,434.77956606237336,0.004089051905395633,-15.000000000000002,0.6086913924873227,-15.608691392487325,stop,6.0,-15.608691392487325,215,SIDEWAYS
2025-01-24 18:00:00+00:00,2025-01-26 23:00:00+00:00,1,106327.72,102659.38798880517,0.2,289.8530440415822,0.0027260346035970886,-10.0,0.4057942616582151,-10.405794261658215,stop,10.0,-10.405794261658215,216,SIDEWAYS
2025-01-29 19:00:00+00:00,2025-02-01 22:00:00+00:00,1,103583.99,100531.64382447199,0.5,848.396479652913,0.008190420929459397,-25.0,1.187755071514078,-26.18775507151408,stop,2.0,-26.18775507151408,217,SIDEWAYS
2025-01-29 19:00:00+00:00,2025-02-01 22:00:00+00:00,1,103583.99,100531.64382447199,0.3,509.0378877917477,0.0049142525576756375,-14.999999999999998,0.7126530429084468,-15.712653042908444,stop,6.0,-15.712653042908444,218,SIDEWAYS
2025-01-29 19:00:00+00:00,2025-02-01 22:00:00+00:00,1,103583.99,100531.64382447199,0.2,339.3585918611652,0.0032761683717837595,-10.000000000000002,0.47510202860563133,-10.475102028605633,stop,10.0,-10.475102028605633,219,SIDEWAYS
2025-02-07 14:00:00+00:00,2025-02-07 20:00:00+00:00,1,99710.92,96763.93146746501,0.5,845.871292839991,0.008483236267802875,-24.999999999999996,1.1842198099759875,-26.184219809975986,stop,2.0,-26.184219809975986,220,SIDEWAYS
2025-02-07 14:00:00+00:00,2025-02-07 20:00:00+00:00,1,99710.92,96763.93146746501,0.3,507.5227757039946,0.005089941760681725,-14.999999999999998,0.7105318859855925,-15.71053188598559,stop,6.0,-15.71053188598559,221,SIDEWAYS
2025-02-07 14:00:00+00:00,2025-02-07 20:00:00+00:00,1,99710.92,96763.93146746501,0.2,338.3485171359964,0.00339329450712115,-9.999999999999998,0.473687923990395,-10.473687923990394,stop,10.0,-10.473687923990394,222,SIDEWAYS
2025-02-10 13:00:00+00:00,2025-02-11 18:00:00+00:00,1,98215.72,95816.41076850062,0.5,1023.3749646624614,0.010419665657009502,-25.0,1.432724950527446,-26.432724950527447,stop,2.0,-26.432724950527447,223,SIDEWAYS
2025-02-10 13:00:00+00:00,2025-02-11 18:00:00+00:00,1,98215.72,95816.41076850062,0.3,614.0249787974768,0.006251799394205702,-15.0,0.8596349703164675,-15.859634970316467,stop,6.0,-15.859634970316467,224,SIDEWAYS
2025-02-10 13:00:00+00:00,2025-02-11 18:00:00+00:00,1,98215.72,95816.41076850062,0.2,409.34998586498455,0.004167866262803801,-10.000000000000002,0.5730899802109783,-10.57308998021098,stop,10.0,-10.57308998021098,225,SIDEWAYS
2025-02-14 17:00:00+00:00,2025-02-17 05:00:00+00:00,1,98526.0,96010.04660762627,0.5,979.0125713243383,0.009936591065549585,-25.0,1.3706175998540735,-26.370617599854075,stop,2.0,-26.370617599854075,226,SIDEWAYS
2025-02-14 17:00:00+00:00,2025-02-17 05:00:00+00:00,1,98526.0,96010.04660762627,0.3,587.4075427946029,0.00596195463932975,-14.999999999999998,0.8223705599124441,-15.822370559912443,stop,6.0,-15.822370559912443,227,SIDEWAYS
2025-02-14 17:00:00+00:00,2025-02-17 05:00:00+00:00,1,98526.0,96010.04660762627,0.2,391.60502852973536,0.003974636426219834,-10.0,0.5482470399416295,-10.548247039941629,stop,10.0,-10.548247039941629,228,SIDEWAYS
2025-02-19 23:00:00+00:00,2025-02-20 20:00:00+00:00,1,96644.37,98550.96213760095,0.5,1267.2397007994439,0.013112400658201238,25.000000000000004,1.7741355811192214,23.225864418880782,tp1,2.0,23.225864418880782,229,SIDEWAYS
2025-02-19 23:00:00+00:00,2025-02-21 18:00:00+00:00,1,96644.37,96644.37,0.3,760.3438204796663,0.007867440394920742,0.0,1.0644813486715328,-1.0644813486715328,stop,6.0,-1.0644813486715328,230,SIDEWAYS
2025-02-19 23:00:00+00:00,2025-02-21 18:00:00+00:00,1,96644.37,96644.37,0.2,506.8958803197776,0.005244960263280495,0.0,0.7096542324476885,-0.7096542324476885,stop,10.0,-0.7096542324476885,231,SIDEWAYS
2025-02-21 19:00:00+00:00,2025-02-24 22:00:00+00:00,-1,95285.11,92497.32754717789,0.5,854.4883936652014,0.008967701182957142,25.0,1.196283751131282,23.803716248868717,tp1,2.0,23.803716248868717,232,SIDEWAYS
2025-02-21 19:00:00+00:00,2025-02-25 07:00:00+00:00,-1,95285.11,88594.43211322695,0.3,512.6930361991208,0.0053806207097742845,35.9999999999999,0.7177702506787691,35.28222974932113,tp2,6.0,35.28222974932113,233,SIDEWAYS
2025-02-21 19:00:00+00:00,2025-02-25 07:00:00+00:00,-1,95285.11,90081.24942139874,0.2,341.7953574660806,0.003587080473182857,18.666666666666636,0.47851350045251284,18.18815316621412,tp3,10.0,18.18815316621412,234,SIDEWAYS
2025-03-02 06:00:00+00:00,2025-03-02 15:00:00+00:00,1,86277.65,88524.42832852397,0.5,960.0151570880648,0.011127043412611086,25.0,1.3440212199232908,23.65597878007671,tp1,2.0,23.65597878007671,235,OTHER
2025-03-02 06:00:00+00:00,2025-03-02 16:00:00+00:00,1,86277.65,91669.91798845753,0.3,576.0090942528388,0.0066762260475666515,36.00000000000002,0.8064127319539743,35.193587268046045,tp2,6.0,35.193587268046045,236,OTHER
2025-03-02 06:00:00+00:00,2025-03-02 16:00:00+00:00,1,86277.65,90471.63621324474,0.2,384.006062835226,0.004450817365044435,18.666666666666664,0.5376084879693164,18.12905817869735,tp3,10.0,18.12905817869735,237,OTHER
2025-03-03 18:00:00+00:00,2025-03-04 15:00:00+00:00,-1,87132.8,81602.95563265824,0.5,393.9206703293051,0.004520922893896501,24.999999999999996,0.5514889384610271,24.44851106153897,tp1,2.0,24.44851106153897,238,OTHER
2025-03-03 18:00:00+00:00,2025-03-04 19:00:00+00:00,-1,87132.8,87132.8,0.3,236.35240219758305,0.0027125537363379007,-0.0,0.33089336307661626,-0.33089336307661626,stop,6.0,-0.33089336307661626,239,OTHER
2025-03-03 18:00:00+00:00,2025-03-04 19:00:00+00:00,-1,87132.8,87132.8,0.2,157.56826813172205,0.0018083691575586007,-0.0,0.22059557538441088,-0.22059557538441088,stop,10.0,-0.22059557538441088,240,OTHER
2025-03-05 23:00:00+00:00,2025-03-07 00:00:00+00:00,1,90606.01,86473.41286583256,0.5,548.1178485248953,0.006049464583253311,-25.000000000000004,0.7673649879348534,-25.767364987934858,stop,2.0,-25.767364987934858,241,BULL
2025-03-05 23:00:00+00:00,2025-03-07 00:00:00+00:00,1,90606.01,86473.41286583256,0.3,328.87070911493714,0.0036296787499519863,-15.0,0.46041899276091197,-15.460418992760912,stop,6.0,-15.460418992760912,242,BULL
2025-03-05 23:00:00+00:00,2025-03-07 00:00:00+00:00,1,90606.01,86473.41286583256,0.2,219.24713940995812,0.0024197858333013245,-10.0,0.3069459951739414,-10.306945995173942,stop,10.0,-10.306945995173942,243,BULL
2025-03-07 00:00:00+00:00,2025-03-10 14:00:00+00:00,-1,85529.22,79940.46854945987,0.5,382.5953826938121,0.004473271037591739,25.0,0.5356335357713369,24.464366464228664,tp1,2.0,24.464366464228664,244,OTHER
2025-03-07 00:00:00+00:00,2025-03-19 18:00:00+00:00,-1,85529.22,85529.22,0.3,229.55722961628726,0.0026839626225550433,-0.0,0.32138012146280215,-0.32138012146280215,stop,6.0,-0.32138012146280215,245,OTHER
2025-03-07 00:00:00+00:00,2025-03-19 18:00:00+00:00,-1,85529.22,85529.22,0.2,153.03815307752484,0.0017893084150366954,-0.0,0.21425341430853478,-0.21425341430853478,stop,10.0,-0.21425341430853478,246,OTHER
2025-03-21 06:00:00+00:00,2025-03-24 00:00:00+00:00,-1,84200.0,86223.22517101561,0.5,1040.4180563566924,0.01235650898285858,-25.0,1.4565852788993694,-26.456585278899368,stop,2.0,-26.456585278899368,247,SIDEWAYS
2025-03-21 06:00:00+00:00,2025-03-24 00:00:00+00:00,-1,84200.0,86223.22517101561,0.3,624.2508338140154,0.0074139053897151475,-15.0,0.8739511673396216,-15.873951167339621,stop,6.0,-15.873951167339621,248,SIDEWAYS
2025-03-21 06:00:00+00:00,2025-03-24 00:00:00+00:00,-1,84200.0,86223.22517101561,0.2,416.167222542677,0.004942603593143432,-10.000000000000002,0.5826341115597478,-10.582634111559749,stop,10.0,-10.582634111559749,249,SIDEWAYS
2025-03-26 16:00:00+00:00,2025-03-28 14:00:00+00:00,-1,86513.99,84522.5546006156,0.5,1086.0757776368616,0.012553758965883571,24.999999999999996,1.5205060886916062,23.47949391130839,tp1,2.0,23.47949391130839,250,SIDEWAYS
2025-03-26 16:00:00+00:00,2025-03-29 11:00:00+00:00,-1,86513.99,82796.6439211491,0.2,434.43031105474466,0.0050215035863534286,18.666666666666703,0.6082024354766425,18.05846423119006,tp3,10.0,18.05846423119006,251,SIDEWAYS
2025-03-26 16:00:00+00:00,2025-03-29 17:00:00+00:00,-1,86513.99,81734.54504147741,0.3,651.6454665821169,0.0075322553795301415,36.000000000000036,0.9123036532149637,35.08769634678507,tp2,6.0,35.08769634678507,252,SIDEWAYS
2025-04-01 09:00:00+00:00,2025-04-02 15:00:00+00:00,1,84362.0,86330.99085783365,0.5,1071.1324491980886,0.012696859358456278,24.999999999999996,1.499585428877324,23.500414571122672,tp1,2.0,23.500414571122672,253,SIDEWAYS
2025-04-01 09:00:00+00:00,2025-04-02 20:00:00+00:00,1,84362.0,88037.44960128947,0.2,428.45297967923545,0.005078743743382512,18.66666666666663,0.5998341715509297,18.066832495115698,tp3,10.0,18.066832495115698,254,SIDEWAYS
2025-04-01 09:00:00+00:00,2025-04-02 21:00:00+00:00,1,84362.0,84362.0,0.3,642.6794695188531,0.007618115615073767,0.0,0.8997512573263944,-0.8997512573263944,stop,6.0,-0.8997512573263944,255,SIDEWAYS
2025-04-02 22:00:00+00:00,2025-04-06 18:00:00+00:00,-1,82821.59,79003.50664313528,0.5,542.2982047464401,0.006547787898619673,25.0,0.7592174866450161,24.240782513354983,tp1,2.0,24.240782513354983,256,HIGH_VOL
2025-04-02 22:00:00+00:00,2025-04-07 06:00:00+00:00,-1,82821.59,75694.50106718585,0.2,216.91928189857606,0.0026191151594478694,18.666666666666675,0.30368699465800647,18.36297967200867,tp3,10.0,18.36297967200867,257,HIGH_VOL
2025-04-02 22:00:00+00:00,2025-04-09 18:00:00+00:00,-1,82821.59,82821.59,0.3,325.37892284786403,0.003928672739171804,-0.0,0.4555304919870096,-0.4555304919870096,stop,6.0,-0.4555304919870096,258,HIGH_VOL
2025-04-11 00:00:00+00:00,2025-04-11 09:00:00+00:00,-1,79043.48,82093.25389116269,0.5,647.9454118635126,0.00819732901263346,-24.999999999999996,0.9071235766089176,-25.907123576608914,stop,2.0,-25.907123576608914,259,BEAR
2025-04-11 00:00:00+00:00,2025-04-11 09:00:00+00:00,-1,79043.48,82093.25389116269,0.3,388.76724711810755,0.004918397407580076,-15.0,0.5442741459653505,-15.54427414596535,stop,6.0,-15.54427414596535,260,BEAR
2025-04-11 00:00:00+00:00,2025-04-11 09:00:00+00:00,-1,79043.48,82093.25389116269,0.2,259.17816474540507,0.0032789316050533843,-10.0,0.3628494306435671,-10.362849430643568,stop,10.0,-10.362849430643568,261,BEAR
2025-04-11 17:00:00+00:00,2025-04-21 01:00:00+00:00,1,83930.0,87444.25794431203,0.5,597.0677261741987,0.007113877352248286,24.999999999999996,0.8358948166438782,24.164105183356117,tp1,2.0,24.164105183356117,262,BULL
2025-04-11 17:00:00+00:00,2025-04-22 13:00:00+00:00,1,83930.0,90489.9481627158,0.2,238.8270904696795,0.0028455509408993147,18.66666666666666,0.33435792665755126,18.33230874000911,tp3,10.0,18.33230874000911,263,BULL
2025-04-11 17:00:00+00:00,2025-04-22 21:00:00+00:00,1,83930.0,92364.21906634889,0.3,358.2406357045192,0.004268326411348972,36.00000000000002,0.5015368899863268,35.498463110013695,tp2,6.0,35.498463110013695,264,BULL
2025-04-27 14:00:00+00:00,2025-04-28 11:00:00+00:00,-1,93985.9,95281.80196920817,0.5,1813.1367617534224,0.01929158269222748,-25.0,2.5383914664547915,-27.53839146645479,stop,2.0,-27.53839146645479,265,SIDEWAYS
2025-04-27 14:00:00+00:00,2025-04-28 11:00:00+00:00,-1,93985.9,95281.80196920817,0.3,1087.8820570520534,0.011574949615336486,-14.999999999999998,1.5230348798728748,-16.523034879872874,stop,6.0,-16.523034879872874,266,SIDEWAYS
2025-04-27 14:00:00+00:00,2025-04-28 11:00:00+00:00,-1,93985.9,95281.80196920817,0.2,725.2547047013691,0.007716633076890992,-10.000000000000002,1.0153565865819167,-11.015356586581918,stop,10.0,-11.015356586581918,267,SIDEWAYS
2025-05-01 09:00:00+00:00,2025-05-01 15:00:00+00:00,1,95520.99,97221.81094927627,0.5,1404.0424131747372,0.01469878414340908,25.0,1.9656593784446321,23.03434062155537,tp1,2.0,23.03434062155537,268,SIDEWAYS
2025-05-01 09:00:00+00:00,2025-05-04 08:00:00+00:00,1,95520.99,95520.99,0.3,842.4254479048424,0.008819270486045448,0.0,1.1793956270667794,-1.1793956270667794,stop,6.0,-1.1793956270667794,269,SIDEWAYS
2025-05-01 09:00:00+00:00,2025-05-04 08:00:00+00:00,1,95520.99,95520.99,0.2,561.6169652698949,0.005879513657363631,0.0,0.7862637513778529,-0.7862637513778529,stop,10.0,-0.7862637513778529,270,SIDEWAYS
2025-05-08 00:00:00+00:00,2025-05-08 10:00:00+00:00,1,97770.01,99839.4516761684,0.5,1181.1157947323984,0.012080553072791938,25.000000000000004,1.6535621126253577,23.346437887374645,tp1,2.0,23.346437887374645,271,SIDEWAYS
2025-05-08 00:00:00+00:00,2025-05-08 17:00:00+00:00,1,97770.01,101632.96779551437,0.2,472.44631789295937,0.004832221229116775,18.666666666666707,0.6614248450501431,18.005241821616565,tp3,10.0,18.005241821616565,272,SIDEWAYS
2025-05-08 00:00:00+00:00,2025-05-08 20:00:00+00:00,1,97770.01,102736.67002280419,0.3,708.669476839439,0.007248331843675162,36.00000000000004,0.9921372675752146,35.007862732424826,tp2,6.0,35.007862732424826,273,SIDEWAYS
2025-05-12 14:00:00+00:00,2025-05-18 14:00:00+00:00,-1,102799.99,105490.76439276153,0.5,955.1152846234825,0.009291005618030531,-25.0,1.3371613984728754,-26.337161398472876,stop,2.0,-26.337161398472876,274,SIDEWAYS
2025-05-12 14:00:00+00:00,2025-05-18 14:00:00+00:00,-1,102799.99,105490.76439276153,0.3,573.0691707740895,0.005574603370818319,-15.0,0.8022968390837252,-15.802296839083725,stop,6.0,-15.802296839083725,275,SIDEWAYS
2025-05-12 14:00:00+00:00,2025-05-18 14:00:00+00:00,-1,102799.99,105490.76439276153,0.2,382.046113849393,0.0037164022472122127,-10.0,0.5348645593891502,-10.53486455938915,stop,10.0,-10.53486455938915,276,SIDEWAYS
2025-05-19 04:00:00+00:00,2025-05-20 00:00:00+00:00,-1,103002.07,106063.98179905815,0.5,840.9947506626731,0.008164833489877175,-25.0,1.1773926509277424,-26.177392650927743,stop,2.0,-26.177392650927743,277,HIGH_VOL
2025-05-19 04:00:00+00:00,2025-05-20 00:00:00+00:00,-1,103002.07,106063.98179905815,0.3,504.5968503976039,0.0048989000939263045,-15.0,0.7064355905566454,-15.706435590556646,stop,6.0,-15.706435590556646,278,HIGH_VOL
2025-05-19 04:00:00+00:00,2025-05-20 00:00:00+00:00,-1,103002.07,106063.98179905815,0.2,336.39790026506927,0.00326593339595087,-10.000000000000002,0.47095706037109697,-10.470957060371099,stop,10.0,-10.470957060371099,279,HIGH_VOL
2025-05-20 19:00:00+00:00,2025-05-21 23:00:00+00:00,1,107026.47,110056.10742831526,0.5,883.1623629260165,0.008251812499524804,25.0,1.236427308096423,23.763572691903576,tp1,2.0,23.763572691903576,280,SIDEWAYS
2025-05-20 19:00:00+00:00,2025-05-23 23:00:00+00:00,1,107026.47,107026.47,0.3,529.8974177556099,0.004951087499714883,0.0,0.7418563848578539,-0.7418563848578539,stop,6.0,-0.7418563848578539,281,SIDEWAYS
2025-05-20 19:00:00+00:00,2025-05-23 23:00:00+00:00,1,107026.47,107026.47,0.2,353.26494517040663,0.003300724999809922,0.0,0.49457092323856927,-0.49457092323856927,stop,10.0,-0.49457092323856927,282,SIDEWAYS
2025-05-26 06:00:00+00:00,2025-05-27 01:00:00+00:00,1,109928.37,107787.9665423615,0.5,1283.967861382586,0.011680040933769746,-25.000000000000004,1.7975550059356205,-26.797555005935624,stop,2.0,-26.797555005935624,283,SIDEWAYS
2025-05-26 06:00:00+00:00,2025-05-27 01:00:00+00:00,1,109928.37,107787.9665423615,0.3,770.3807168295516,0.007008024560261847,-15.0,1.0785330035613723,-16.078533003561372,stop,6.0,-16.078533003561372,284,SIDEWAYS
2025-05-26 06:00:00+00:00,2025-05-27 01:00:00+00:00,1,109928.37,107787.9665423615,0.2,513.5871445530345,0.004672016373507898,-10.0,0.7190220023742483,-10.719022002374249,stop,10.0,-10.719022002374249,285,SIDEWAYS
2025-05-28 13:00:00+00:00,2025-05-29 18:00:00+00:00,-1,108068.45,106066.66035962291,0.5,1349.6479327823208,0.012488824747484773,25.0,1.889507105895249,23.110492894104752,tp1,2.0,23.110492894104752,286,SIDEWAYS
2025-05-28 13:00:00+00:00,2025-05-30 16:00:00+00:00,-1,108068.45,104331.77600462944,0.2,539.8591731129284,0.00499552989899391,18.666666666666636,0.7558028423580997,17.910863824308535,tp3,10.0,17.910863824308535,287,SIDEWAYS
2025-05-28 13:00:00+00:00,2025-05-31 02:00:00+00:00,-1,108068.45,103264.154863095,0.3,809.7887596693924,0.007493294848490864,35.999999999999936,1.1337042635371495,34.86629573646279,tp2,6.0,34.86629573646279,288,SIDEWAYS
2025-06-03 14:00:00+00:00,2025-06-04 14:00:00+00:00,1,106550.01,104684.32126965659,0.5,1427.757056510547,0.01339987726430572,-25.0,1.9988598791147658,-26.998859879114764,stop,2.0,-26.998859879114764,289,SIDEWAYS
2025-06-03 14:00:00+00:00,2025-06-04 14:00:00+00:00,1,106550.01,104684.32126965659,0.3,856.6542339063282,0.008039926358583431,-14.999999999999998,1.1993159274688594,-16.19931592746886,stop,6.0,-16.19931592746886,290,SIDEWAYS
2025-06-03 14:00:00+00:00,2025-06-04 14:00:00+00:00,1,106550.01,104684.32126965659,0.2,571.1028226042189,0.0053599509057222884,-10.0,0.7995439516459064,-10.799543951645907,stop,10.0,-10.799543951645907,291,SIDEWAYS
2025-06-07 18:00:00+00:00,2025-06-09 10:00:00+00:00,1,105599.99,107078.13741069574,0.5,1786.0192636385361,0.016913062810314055,25.000000000000004,2.5004269690939505,22.499573030906053,tp1,2.0,22.499573030906053,292,OTHER
2025-06-07 18:00:00+00:00,2025-06-09 17:00:00+00:00,1,105599.99,108359.19849996538,0.2,714.4077054554145,0.006765225124125623,18.666666666666725,1.0001707876375803,17.666495879029146,tp3,10.0,17.666495879029146,293,OTHER
2025-06-07 18:00:00+00:00,2025-06-09 21:00:00+00:00,1,105599.99,109147.54378566977,0.3,1071.6115581831216,0.010147837686188432,36.00000000000006,1.5002561814563702,34.499743818543685,tp2,6.0,34.499743818543685,294,OTHER
2025-06-12 03:00:00+00:00,2025-06-12 20:00:00+00:00,-1,107860.05,105916.10921975334,0.5,1387.1313763261094,0.01286047407104029,24.999999999999993,1.941983926856553,23.05801607314344,tp1,2.0,23.05801607314344,295,SIDEWAYS
2025-06-12 03:00:00+00:00,2025-06-13 00:00:00+00:00,-1,107860.05,104231.36054353959,0.2,554.8525505304438,0.005144189628416116,18.666666666666583,0.7767935707426212,17.88987309592396,tp3,10.0,17.88987309592396,296,SIDEWAYS
2025-06-12 03:00:00+00:00,2025-06-13 01:00:00+00:00,-1,107860.05,103194.59212740803,0.3,832.2788257956656,0.007716284442624175,35.99999999999991,1.1651903561139318,34.834809643885976,tp2,6.0,34.834809643885976,297,SIDEWAYS
2025-06-16 04:00:00+00:00,2025-06-16 17:00:00+00:00,1,106386.0,107959.07504353886,0.5,1690.733071460297,0.01589243952644424,25.0,2.3670263000444156,22.632973699955585,tp1,2.0,22.632973699955585,298,SIDEWAYS
2025-06-16 04:00:00+00:00,2025-06-17 00:00:00+00:00,1,106386.0,106386.0,0.3,1014.4398428761781,0.009535463715866544,0.0,1.4202157800266493,-1.4202157800266493,stop,6.0,-1.4202157800266493,299,SIDEWAYS
2025-06-16 04:00:00+00:00,2025-06-17 00:00:00+00:00,1,106386.0,106386.0,0.2,676.2932285841189,0.006356975810577697,0.0,0.9468105200177664,-0.9468105200177664,stop,10.0,-0.9468105200177664,300,SIDEWAYS
2025-06-17 11:00:00+00:00,2025-06-17 16:00:00+00:00,-1,105641.47,103541.58026057936,0.5,1257.702583340713,0.011905386997556102,25.0,1.7607836166769983,23.239216383323,tp1,2.0,23.239216383323,301,SIDEWAYS
2025-06-17 11:00:00+00:00,2025-06-20 07:00:00+00:00,-1,105641.47,105641.47,0.3,754.6215500044278,0.007143232198533661,-0.0,1.056470170006199,-1.056470170006199,stop,6.0,-1.056470170006199,302,SIDEWAYS
2025-06-17 11:00:00+00:00,2025-06-20 07:00:00+00:00,-1,105641.47,105641.47,0.2,503.08103333628526,0.004762154799022441,-0.0,0.7043134466707993,-0.7043134466707993,stop,10.0,-0.7043134466707993,303,SIDEWAYS
2025-06-23 22:00:00+00:00,2025-07-02 16:00:00+00:00,1,105538.19,109227.3962379235,0.5,715.1822315808174,0.006776525460412173,25.000000000000004,1.0012551242131444,23.99874487578686,tp1,2.0,23.99874487578686,304,OTHER
2025-06-23 22:00:00+00:00,2025-07-10 16:00:00+00:00,1,105538.19,112424.70831079052,0.2,286.07289263232695,0.002710610184164869,18.66666666666663,0.4005020496852577,18.26616461698137,tp3,10.0,18.26616461698137,305,OTHER
2025-06-23 22:00:00+00:00,2025-07-10 21:00:00+00:00,1,105538.19,114392.28497101639,0.3,429.10933894849046,0.004065915276247304,35.99999999999995,0.6007530745278866,35.39924692547206,tp2,6.0,35.39924692547206,306,OTHER
2025-07-15 03:00:00+00:00,2025-07-17 21:00:00+00:00,-1,117148.47,120178.17905181965,0.5,966.664356183314,0.008251617423456866,-25.0,1.3533300986566397,-26.353330098656638,stop,2.0,-26.353330098656638,307,SIDEWAYS
2025-07-15 03:00:00+00:00,2025-07-17 21:00:00+00:00,-1,117148.47,120178.17905181965,0.3,579.9986137099884,0.004950970454074119,-14.999999999999998,0.8119980591939837,-15.811998059193982,stop,6.0,-15.811998059193982,308,SIDEWAYS
2025-07-15 03:00:00+00:00,2025-07-17 21:00:00+00:00,-1,117148.47,120178.17905181965,0.2,386.6657424733256,0.0033006469693827468,-10.0,0.5413320394626558,-10.541332039462656,stop,10.0,-10.541332039462656,309,SIDEWAYS
2025-07-17 21:00:00+00:00,2025-07-18 18:00:00+00:00,1,120272.19,117264.05335772641,0.5,999.5572367774553,0.00831079268430595,-25.0,1.3993801314884373,-26.39938013148844,stop,2.0,-26.39938013148844,310,SIDEWAYS
2025-07-17 21:00:00+00:00,2025-07-18 18:00:00+00:00,1,120272.19,117264.05335772641,0.3,599.7343420664731,0.00498647561058357,-15.0,0.8396280788930623,-15.839628078893062,stop,6.0,-15.839628078893062,311,SIDEWAYS
2025-07-17 21:00:00+00:00,2025-07-18 18:00:00+00:00,1,120272.19,117264.05335772641,0.2,399.82289471098215,0.0033243170737223804,-10.000000000000002,0.559752052595375,-10.559752052595377,stop,10.0,-10.559752052595377,312,SIDEWAYS
2025-07-22 18:00:00+00:00,2025-07-25 02:00:00+00:00,1,119733.69,116687.68309428763,0.5,982.7102638494971,0.008207466619040114,-25.0,1.375794369389296,-26.375794369389297,stop,2.0,-26.375794369389297,313,SIDEWAYS
2025-07-22 18:00:00+00:00,2025-07-25 02:00:00+00:00,1,119733.69,116687.68309428763,0.3,589.6261583096982,0.004924479971424068,-14.999999999999996,0.8254766216335775,-15.825476621633573,stop,6.0,-15.825476621633573,314,SIDEWAYS
2025-07-22 18:00:00+00:00,2025-07-25 02:00:00+00:00,1,119733.69,116687.68309428763,0.2,393.0841055397989,0.0032829866476160458,-10.0,0.5503177477557184,-10.550317747755718,stop,10.0,-10.550317747755718,315,SIDEWAYS
2025-07-27 06:00:00+00:00,2025-07-27 16:00:00+00:00,1,118263.4,119289.33131818868,0.5,2881.854708578302,0.024368102968275074,25.0,4.034596592009623,20.965403407990376,tp1,2.0,20.965403407990376,316,SIDEWAYS
2025-07-27 06:00:00+00:00,2025-07-28 13:00:00+00:00,1,118263.4,118263.4,0.3,1729.112825146981,0.014620861780965042,0.0,2.4207579552057736,-2.4207579552057736,stop,6.0,-2.4207579552057736,317,SIDEWAYS
2025-07-27 06:00:00+00:00,2025-07-28 13:00:00+00:00,1,118263.4,118263.4,0.2,1152.741883431321,0.00974724118731003,0.0,1.6138386368038493,-1.6138386368038493,stop,10.0,-1.6138386368038493,318,SIDEWAYS
2025-07-28 23:00:00+00:00,2025-07-30 19:00:00+00:00,-1,118062.32,116295.25284337759,0.5,1670.314559884426,0.014147736211556964,25.0,2.338440383838196,22.661559616161803,tp1,2.0,22.661559616161803,319,SIDEWAYS
2025-07-28 23:00:00+00:00,2025-07-31 00:00:00+00:00,-1,118062.32,118062.32,0.3,1002.1887359306555,0.008488641726934178,-0.0,1.4030642303029177,-1.4030642303029177,stop,6.0,-1.4030642303029177,320,SIDEWAYS
2025-07-28 23:00:00+00:00,2025-07-31 00:00:00+00:00,-1,118062.32,118062.32,0.2,668.1258239537705,0.005659094484622786,-0.0,0.9353761535352786,-0.9353761535352786,stop,10.0,-0.9353761535352786,321,SIDEWAYS
2025-08-07 10:00:00+00:00,2025-08-10 03:00:00+00:00,1,116347.22,118062.28056143776,0.5,1695.9637259465737,0.014576744729668432,25.0,2.374349216325203,22.625650783674796,tp1,2.0,22.625650783674796,322,SIDEWAYS
2025-08-07 10:00:00+00:00,2025-08-11 01:00:00+00:00,1,116347.22,119548.66638135049,0.2,678.3854903786296,0.005830697891867374,18.666666666666703,0.9497396865300815,17.716926980136623,tp3,10.0,17.716926980136623,323,SIDEWAYS
2025-08-07 10:00:00+00:00,2025-08-11 02:00:00+00:00,1,116347.22,120463.36534745063,0.3,1017.5782355679441,0.00874604683780106,36.0000000000001,1.4246095297951218,34.57539047020498,tp2,6.0,34.57539047020498,324,SIDEWAYS
2025-08-12 03:00:00+00:00,2025-08-13 13:00:00+00:00,-1,118857.7,121174.434013048,0.5,1282.5997646966105,0.010791053206452846,-24.999999999999996,1.7956396705752546,-26.79563967057525,stop,2.0,-26.79563967057525,325,SIDEWAYS
2025-08-12 03:00:00+00:00,2025-08-13 13:00:00+00:00,-1,118857.7,121174.434013048,0.3,769.5598588179663,0.006474631923871708,-15.0,1.0773838023451527,-16.077383802345153,stop,6.0,-16.077383802345153,326,SIDEWAYS
2025-08-12 03:00:00+00:00,2025-08-13 13:00:00+00:00,-1,118857.7,121174.434013048,0.2,513.0399058786442,0.004316421282581138,-9.999999999999998,0.7182558682301018,-10.7182558682301,stop,10.0,-10.7182558682301,327,SIDEWAYS
2025-08-13 13:00:00+00:00,2025-08-14 00:00:00+00:00,1,121767.97,124088.8508198417,0.5,1311.6568606084827,0.010771772417725964,24.999999999999996,1.8363196048518757,23.16368039514812,tp1,2.0,23.16368039514812,328,SIDEWAYS
2025-08-13 13:00:00+00:00,2025-08-14 06:00:00+00:00,1,121767.97,121767.97,0.3,786.9941163650896,0.006463063450635578,0.0,1.1017917629111253,-1.1017917629111253,stop,6.0,-1.1017917629111253,329,SIDEWAYS
2025-08-13 13:00:00+00:00,2025-08-14 06:00:00+00:00,1,121767.97,121767.97,0.2,524.6627442433931,0.004308708967090387,0.0,0.7345278419407504,-0.7345278419407504,stop,10.0,-0.7345278419407504,330,SIDEWAYS
2025-08-14 12:00:00+00:00,2025-08-18 02:00:00+00:00,-1,118866.37,115556.80837381513,0.5,897.9011680847944,0.007553870519347016,25.000000000000004,1.2570616353187123,23.74293836468129,tp1,2.0,23.74293836468129,331,SIDEWAYS
2025-08-14 12:00:00+00:00,2025-08-20 01:00:00+00:00,-1,118866.37,112688.52163112159,0.2,359.1604672339178,0.0030215482077388064,18.66666666666665,0.5028246541274849,18.163842012539167,tp3,10.0,18.163842012539167,332,SIDEWAYS
2025-08-14 12:00:00+00:00,2025-08-24 19:00:00+00:00,-1,118866.37,110923.42209715633,0.3,538.7407008508767,0.00453232231160821,35.999999999999964,0.7542369811912274,35.24576301880874,tp2,6.0,35.24576301880874,333,SIDEWAYS
2025-08-28 04:00:00+00:00,2025-08-29 07:00:00+00:00,1,112965.9,110458.35681710544,0.5,1126.260763629192,0.009969918033930523,-25.0,1.5767650690808688,-26.576765069080867,stop,2.0,-26.576765069080867,334,SIDEWAYS
2025-08-28 04:00:00+00:00,2025-08-29 07:00:00+00:00,1,112965.9,110458.35681710544,0.3,675.7564581775152,0.005981950820358314,-15.000000000000002,0.9460590414485214,-15.946059041448523,stop,6.0,-15.946059041448523,335,SIDEWAYS
2025-08-28 04:00:00+00:00,2025-08-29 07:00:00+00:00,1,112965.9,110458.35681710544,0.2,450.5043054516768,0.00398796721357221,-10.000000000000002,0.6307060276323475,-10.63070602763235,stop,10.0,-10.63070602763235,336,SIDEWAYS
2025-08-29 07:00:00+00:00,2025-08-29 20:00:00+00:00,-1,110019.38,107840.54662237565,0.5,1262.3656899358389,0.011474030211184965,25.0,1.7673119659101744,23.232688034089826,tp1,2.0,23.232688034089826,337,SIDEWAYS
2025-08-29 07:00:00+00:00,2025-09-02 02:00:00+00:00,-1,110019.38,110019.38,0.3,757.4194139615033,0.006884418126710978,-0.0,1.0603871795461046,-1.0603871795461046,stop,6.0,-1.0603871795461046,338,SIDEWAYS
2025-08-29 07:00:00+00:00,2025-09-02 02:00:00+00:00,-1,110019.38,110019.38,0.2,504.94627597433555,0.004589612084473986,-0.0,0.7069247863640697,-0.7069247863640697,stop,10.0,-0.7069247863640697,339,SIDEWAYS
2025-09-02 02:00:00+00:00,2025-09-05 07:00:00+00:00,1,110246.01,112789.03870032971,0.5,1083.806191272106,0.009830797425431597,24.999999999999996,1.5173286677809483,23.48267133221905,tp1,2.0,23.48267133221905,340,SIDEWAYS
2025-09-02 02:00:00+00:00,2025-09-05 17:00:00+00:00,1,110246.01,110246.01,0.3,650.2837147632636,0.005898478455258958,0.0,0.910397200668569,-0.910397200668569,stop,6.0,-0.910397200668569,341,SIDEWAYS
2025-09-02 02:00:00+00:00,2025-09-05 17:00:00+00:00,1,110246.01,110246.01,0.2,433.5224765088424,0.003932318970172638,0.0,0.6069314671123793,-0.6069314671123793,stop,10.0,-0.6069314671123793,342,SIDEWAYS
2025-09-06 08:00:00+00:00,2025-09-08 14:00:00+00:00,-1,110952.76,112613.66023236114,0.5,1670.0696080081318,0.015052078091686334,-24.999999999999996,2.3380974512113846,-27.338097451211382,stop,2.0,-27.338097451211382,343,SIDEWAYS
2025-09-06 08:00:00+00:00,2025-09-08 14:00:00+00:00,-1,110952.76,112613.66023236114,0.3,1002.041764804879,0.0090312468550118,-15.0,1.4028584707268306,-16.40285847072683,stop,6.0,-16.40285847072683,344,SIDEWAYS
2025-09-06 08:00:00+00:00,2025-09-08 14:00:00+00:00,-1,110952.76,112613.66023236114,0.2,668.0278432032528,0.006020831236674535,-10.000000000000002,0.9352389804845539,-10.935238980484556,stop,10.0,-10.935238980484556,345,SIDEWAYS
2025-09-09 15:00:00+00:00,2025-09-10 12:00:00+00:00,-1,110880.76,112910.1532523915,0.5,1365.934865868588,0.012318952953322002,-25.0,1.9123088122160232,-26.912308812216022,stop,2.0,-26.912308812216022,346,SIDEWAYS
2025-09-09 15:00:00+00:00,2025-09-10 12:00:00+00:00,-1,110880.76,112910.1532523915,0.3,819.5609195211529,0.007391371771993202,-15.000000000000002,1.147385287329614,-16.147385287329616,stop,6.0,-16.147385287329616,347,SIDEWAYS
2025-09-09 15:00:00+00:00,2025-09-10 12:00:00+00:00,-1,110880.76,112910.1532523915,0.2,546.3739463474352,0.0049275811813288,-10.0,0.7649235248864092,-10.76492352488641,stop,10.0,-10.76492352488641,348,SIDEWAYS
2025-09-10 12:00:00+00:00,2025-09-11 22:00:00+00:00,1,113413.51,115243.5514448235,0.5,1549.3298023496084,0.013660892801480251,25.0,2.1690617232894516,22.830938276710548,tp1,2.0,22.830938276710548,349,SIDEWAYS
2025-09-10 12:00:00+00:00,2025-09-16 17:00:00+00:00,1,113413.51,116829.58736367055,0.2,619.7319209398433,0.0054643571205921,18.666666666666693,0.8676246893157806,17.79904197735091,tp3,10.0,17.79904197735091,350,SIDEWAYS
2025-09-10 12:00:00+00:00,2025-09-18 03:00:00+00:00,1,113413.51,117805.60946757642,0.3,929.597881409765,0.008196535680888151,36.0,1.301437033973671,34.69856296602633,tp2,6.0,34.69856296602633,351,SIDEWAYS
2025-09-18 18:00:00+00:00,2025-09-19 12:00:00+00:00,1,117822.97,116147.97363961922,0.5,1758.5556122225657,0.014925405565846504,-25.0,2.461977857111592,-27.46197785711159,stop,2.0,-27.46197785711159,352,SIDEWAYS
2025-09-18 18:00:00+00:00,2025-09-19 12:00:00+00:00,1,117822.97,116147.97363961922,0.3,1055.1333673335394,0.008955243339507903,-15.0,1.477186714266955,-16.477186714266956,stop,6.0,-16.477186714266956,353,SIDEWAYS
2025-09-18 18:00:00+00:00,2025-09-19 12:00:00+00:00,1,117822.97,116147.97363961922,0.2,703.4222448890264,0.005970162226338603,-10.000000000000002,0.984791142844637,-10.984791142844639,stop,10.0,-10.984791142844639,354,SIDEWAYS
2025-09-19 12:00:00+00:00,2025-09-22 00:00:00+00:00,-1,116162.45,114823.24127004582,0.5,2168.4903817042564,0.018667739718852834,25.000000000000004,3.0358865343859587,21.964113465614044,tp1,2.0,21.964113465614044,355,SIDEWAYS
2025-09-19 12:00:00+00:00,2025-09-22 05:00:00+00:00,-1,116162.45,113662.59370408554,0.2,867.3961526817026,0.007467095887541134,18.666666666666693,1.2143546137543837,17.45231205291231,tp3,10.0,17.45231205291231,356,SIDEWAYS
2025-09-19 12:00:00+00:00,2025-09-22 06:00:00+00:00,-1,116162.45,112948.34904810997,0.3,1301.0942290225537,0.0112006438313117,36.000000000000064,1.8215319206315752,34.178468079368486,tp2,6.0,34.178468079368486,357,SIDEWAYS
2025-09-28 22:00:00+00:00,2025-09-29 13:00:00+00:00,1,111938.51,113205.64036884421,0.5,2208.5042066765077,0.019729619473016997,24.999999999999996,3.0919058893471107,21.908094110652886,tp1,2.0,21.908094110652886,358,SIDEWAYS
2025-09-28 22:00:00+00:00,2025-09-29 19:00:00+00:00,1,111938.51,114303.82002184252,0.2,883.4016826706031,0.0078918477892068,18.66666666666661,1.2367623557388443,17.429904310927768,tp3,10.0,17.429904310927768,359,SIDEWAYS
2025-09-28 22:00:00+00:00,2025-10-01 08:00:00+00:00,1,111938.51,114979.6228852261,0.3,1325.1025240059046,0.011837771683810198,35.99999999999989,1.8551435336082664,34.14485646639163,tp2,6.0,34.14485646639163,360,SIDEWAYS
2025-10-07 14:00:00+00:00,2025-10-09 16:00:00+00:00,-1,122725.36,120067.59835597142,0.5,1154.4052518379294,0.00940641161564268,25.000000000000004,1.6161673525731013,23.383832647426903,tp1,2.0,23.383832647426903,361,SIDEWAYS
2025-10-07 14:00:00+00:00,2025-10-10 17:00:00+00:00,-1,122725.36,117764.20493114664,0.2,461.76210073517177,0.0037625646462570717,18.666666666666725,0.6464669410292405,18.020199725637482,tp3,10.0,18.020199725637482,362,SIDEWAYS
2025-10-07 14:00:00+00:00,2025-10-10 19:00:00+00:00,-1,122725.36,116346.7320543314,0.3,692.6431511027577,0.0056438469693856075,36.000000000000085,0.9697004115438607,35.030299588456224,tp2,6.0,35.030299588456224,363,SIDEWAYS
2025-10-13 02:00:00+00:00,2025-10-14 06:00:00+00:00,1,115319.97,111727.51920706441,0.5,802.5160026323263,0.00695903755986345,-25.000000000000004,1.1235224036852567,-26.12352240368526,stop,2.0,-26.12352240368526,364,OTHER
2025-10-13 02:00:00+00:00,2025-10-14 06:00:00+00:00,1,115319.97,111727.51920706441,0.3,481.50960157939573,0.00417542253591807,-15.000000000000002,0.674113442211154,-15.674113442211155,stop,6.0,-15.674113442211155,365,OTHER
2025-10-13 02:00:00+00:00,2025-10-14 06:00:00+00:00,1,115319.97,111727.51920706441,0.2,321.0064010529305,0.00278361502394538,-10.0,0.44940896147410275,-10.449408961474102,stop,10.0,-10.449408961474102,366,OTHER
2025-10-19 14:00:00+00:00,2025-10-20 05:00:00+00:00,1,108405.47,110665.50837968307,0.5,1199.1551888512822,0.011061759050085593,25.0,1.6788172643917951,23.321182735608204,tp1,2.0,23.321182735608204,367,SIDEWAYS
2025-10-19 14:00:00+00:00,2025-10-21 04:00:00+00:00,1,108405.47,108405.47,0.3,719.4931133107693,0.006637055430051356,0.0,1.007290358635077,-1.007290358635077,stop,6.0,-1.007290358635077,368,SIDEWAYS
2025-10-19 14:00:00+00:00,2025-10-21 04:00:00+00:00,1,108405.47,108405.47,0.2,479.6620755405129,0.004424703620034237,0.0,0.671526905756718,-0.671526905756718,stop,10.0,-0.671526905756718,369,SIDEWAYS
2025-10-21 04:00:00+00:00,2025-10-21 14:00:00+00:00,-1,107779.7,110401.66465419038,0.5,1027.6616413168304,0.009534834865163202,-25.0,1.4387262978435624,-26.438726297843562,stop,2.0,-26.438726297843562,370,SIDEWAYS
2025-10-21 04:00:00+00:00,2025-10-21 14:00:00+00:00,-1,107779.7,110401.66465419038,0.3,616.5969847900982,0.005720900919097921,-15.0,0.8632357787061374,-15.863235778706137,stop,6.0,-15.863235778706137,371,SIDEWAYS
2025-10-21 04:00:00+00:00,2025-10-21 14:00:00+00:00,-1,107779.7,110401.66465419038,0.2,411.06465652673216,0.003813933946065281,-10.0,0.575490519137425,-10.575490519137425,stop,10.0,-10.575490519137425,372,SIDEWAYS
2025-10-21 14:00:00+00:00,2025-10-21 22:00:00+00:00,1,112170.52,108625.24670397253,0.5,790.9864108761981,0.0070516425427661214,-25.0,1.1073809752266772,-26.107380975226675,stop,2.0,-26.107380975226675,373,SIDEWAYS
2025-10-21 14:00:00+00:00,2025-10-21 22:00:00+00:00,1,112170.52,108625.24670397253,0.3,474.59184652571884,0.0042309855256596725,-15.0,0.6644285851360063,-15.664428585136006,stop,6.0,-15.664428585136006,374,SIDEWAYS
2025-10-21 14:00:00+00:00,2025-10-21 22:00:00+00:00,1,112170.52,108625.24670397253,0.2,316.39456435047924,0.0028206570171064485,-10.0,0.44295239009067094,-10.442952390090671,stop,10.0,-10.442952390090671,375,SIDEWAYS
2025-10-21 23:00:00+00:00,2025-10-26 09:00:00+00:00,-1,108297.67,112644.29776109716,0.5,622.883278442182,0.005751585222860123,-25.0,0.8720365898190549,-25.872036589819054,stop,2.0,-25.872036589819054,376,HIGH_VOL
2025-10-21 23:00:00+00:00,2025-10-26 09:00:00+00:00,-1,108297.67,112644.29776109716,0.3,373.7299670653092,0.0034509511337160736,-15.0,0.5232219538914329,-15.523221953891433,stop,6.0,-15.523221953891433,377,HIGH_VOL
2025-10-21 23:00:00+00:00,2025-10-26 09:00:00+00:00,-1,108297.67,112644.29776109716,0.2,249.1533113768728,0.002300634089144049,-10.0,0.3488146359276219,-10.348814635927623,stop,10.0,-10.348814635927623,378,HIGH_VOL
2025-10-28 19:00:00+00:00,2025-10-29 16:00:00+00:00,-1,113689.99,111056.06386864994,0.5,1079.0924301826033,0.00949153421671163,24.999999999999996,1.5107294022556446,23.48927059774435,tp1,2.0,23.48927059774435,379,SIDEWAYS
2025-10-28 19:00:00+00:00,2025-10-30 04:00:00+00:00,-1,113689.99,108773.32788814655,0.2,431.6369720730413,0.0037966136866846526,18.66666666666669,0.6042917609022578,18.062374905764432,tp3,10.0,18.062374905764432,380,SIDEWAYS
2025-10-28 19:00:00+00:00,2025-10-30 15:00:00+00:00,-1,113689.99,107368.56728475986,0.3,647.455458109562,0.005694920530026979,35.999999999999986,0.9064376413533868,35.0935623586466,tp2,6.0,35.0935623586466,381,SIDEWAYS
2025-11-02 04:00:00+00:00,2025-11-03 02:00:00+00:00,1,110670.27,109304.92841842493,0.5,2026.4209245046427,0.01831043625812644,-25.0,2.8369892943064996,-27.8369892943065,stop,2.0,-27.8369892943065,382,SIDEWAYS
2025-11-02 04:00:00+00:00,2025-11-03 02:00:00+00:00,1,110670.27,109304.92841842493,0.3,1215.8525547027855,0.010986261754875862,-14.999999999999998,1.7021935765838996,-16.7021935765839,stop,6.0,-16.7021935765839,383,SIDEWAYS
2025-11-02 04:00:00+00:00,2025-11-03 02:00:00+00:00,1,110670.27,109304.92841842493,0.2,810.5683698018571,0.007324174503250576,-10.0,1.1347957177226,-11.1347957177226,stop,10.0,-11.1347957177226,384,SIDEWAYS
2025-11-03 02:00:00+00:00,2025-11-03 06:00:00+00:00,-1,109033.83,107087.90777994592,0.5,1400.7989229519364,0.012847378863531956,25.0,1.961118492132711,23.038881507867288,tp1,2.0,23.038881507867288,385,SIDEWAYS
2025-11-03 02:00:00+00:00,2025-11-03 16:00:00+00:00,-1,109033.83,105401.44185589904,0.2,560.3195691807746,0.005138951545412782,18.666666666666686,0.7844473968530844,17.8822192698136,tp3,10.0,17.8822192698136,386,SIDEWAYS
2025-11-03 02:00:00+00:00,2025-11-04 05:00:00+00:00,-1,109033.83,104363.61667187019,0.3,840.4793537711619,0.007708427318119173,36.00000000000013,1.1766710952796267,34.8233289047205,tp2,6.0,34.8233289047205,387,SIDEWAYS
2025-11-09 15:00:00+00:00,2025-11-10 00:00:00+00:00,1,103762.17,105933.95563705734,0.5,1194.4338362578037,0.011511265003977882,25.0,1.672207370760925,23.327792629239074,tp1,2.0,23.327792629239074,388,SIDEWAYS
2025-11-09 15:00:00+00:00,2025-11-11 15:00:00+00:00,1,103762.17,103762.17,0.3,716.6603017546822,0.00690675900238673,0.0,1.0033244224565552,-1.0033244224565552,stop,6.0,-1.0033244224565552,389,SIDEWAYS
2025-11-09 15:00:00+00:00,2025-11-11 15:00:00+00:00,1,103762.17,103762.17,0.2,477.7735345031215,0.004604506001591153,0.0,0.6688829483043701,-0.6688829483043701,stop,10.0,-0.6688829483043701,390,SIDEWAYS
2025-11-11 15:00:00+00:00,2025-11-13 16:00:00+00:00,-1,103455.99,100631.41896125804,0.5,915.6787754759227,0.00885090148454355,25.0,1.2819502856662919,23.71804971433371,tp1,2.0,23.71804971433371,391,SIDEWAYS
2025-11-11 15:00:00+00:00,2025-11-13 18:00:00+00:00,-1,103455.99,98183.45739434834,0.2,366.2715101903691,0.0035403605938174204,18.666666666666636,0.5127801142665167,18.15388655240012,tp3,10.0,18.15388655240012,392,SIDEWAYS
2025-11-11 15:00:00+00:00,2025-11-14 06:00:00+00:00,-1,103455.99,96677.0195070193,0.3,549.4072652855536,0.00531054089072613,35.99999999999991,0.7691701713997751,35.230829828600136,tp2,6.0,35.230829828600136,393,SIDEWAYS
2025-11-23 15:00:00+00:00,2025-11-26 17:00:00+00:00,1,87087.44,89497.29495632686,0.5,903.4510538835506,0.010374068337334874,25.0,1.2648314754369707,23.73516852456303,tp1,2.0,23.73516852456303,394,OTHER
2025-11-23 15:00:00+00:00,2025-11-27 02:00:00+00:00,1,87087.44,91585.8359184768,0.2,361.38042155342026,0.00414962733493395,18.666666666666654,0.5059325901747883,18.160734076491867,tp3,10.0,18.160734076491867,395,OTHER
2025-11-23 15:00:00+00:00,2025-11-28 14:00:00+00:00,1,87087.44,92871.09189518447,0.3,542.0706323301304,0.006224441002400924,35.99999999999998,0.7588988852621825,35.241101114737795,tp2,6.0,35.241101114737795,396,OTHER
2025-11-29 22:00:00+00:00,2025-12-01 00:00:00+00:00,-1,90753.02,89290.48090664482,0.5,1551.292208398431,0.017093560174619323,25.0,2.1718090917578037,22.828190908242195,tp1,2.0,22.828190908242195,397,SIDEWAYS
2025-11-29 22:00:00+00:00,2025-12-01 00:00:00+00:00,-1,90753.02,87242.92617594758,0.3,930.7753250390585,0.010256136104771593,35.99999999999988,1.303085455054682,34.696914544945194,tp2,6.0,34.696914544945194,398,SIDEWAYS
2025-11-29 22:00:00+00:00,2025-12-01 00:00:00+00:00,-1,90753.02,88022.94702573701,0.2,620.5168833593725,0.006837424069847731,18.666666666666565,0.8687236367031215,17.79794302996344,tp3,10.0,17.79794302996344,399,SIDEWAYS
2025-12-02 18:00:00+00:00,2025-12-05 16:00:00+00:00,1,91954.49,88684.65430715246,0.5,703.0513046966079,0.007645644108260595,-25.0,0.984271826575251,-25.984271826575252,stop,2.0,-25.984271826575252,400,OTHER
2025-12-02 18:00:00+00:00,2025-12-05 16:00:00+00:00,1,91954.49,88684.65430715246,0.3,421.8307828179647,0.004587386464956357,-14.999999999999998,0.5905630959451506,-15.590563095945148,stop,6.0,-15.590563095945148,401,OTHER
2025-12-02 18:00:00+00:00,2025-12-05 16:00:00+00:00,1,91954.49,88684.65430715246,0.2,281.2205218786432,0.0030582576433042384,-10.0,0.3937087306301005,-10.3937087306301,stop,10.0,-10.3937087306301,402,OTHER
2025-12-08 07:00:00+00:00,2025-12-09 16:00:00+00:00,1,91565.46,94048.86171929208,0.5,921.7745490860615,0.010066836873708289,25.0,1.290484368720486,23.709515631279515,tp1,2.0,23.709515631279515,403,SIDEWAYS
2025-12-08 07:00:00+00:00,2025-12-10 15:00:00+00:00,1,91565.46,91565.46,0.3,553.0647294516368,0.006040102124224973,0.0,0.7742906212322915,-0.7742906212322915,stop,6.0,-0.7742906212322915,404,SIDEWAYS
2025-12-08 07:00:00+00:00,2025-12-10 15:00:00+00:00,1,91565.46,91565.46,0.2,368.7098196344246,0.004026734749483316,0.0,0.5161937474881945,-0.5161937474881945,stop,10.0,-0.5161937474881945,405,SIDEWAYS
2025-12-11 00:00:00+00:00,2025-12-14 20:00:00+00:00,-1,91386.17,88420.36350958796,0.5,770.3315295134419,0.008429410374824132,25.0,1.0784641413188185,23.92153585868118,tp1,2.0,23.92153585868118,406,SIDEWAYS
2025-12-11 00:00:00+00:00,2025-12-15 17:00:00+00:00,-1,91386.17,85849.99788456419,0.2,308.13261180537677,0.003371764149929653,18.66666666666667,0.4313856565275275,18.235281010139143,tp3,10.0,18.235281010139143,407,SIDEWAYS
2025-12-11 00:00:00+00:00,2026-01-04 00:00:00+00:00,-1,91386.17,91386.17,0.3,462.1989177080651,0.005057646224894479,-0.0,0.6470784847912912,-0.6470784847912912,stop,6.0,-0.6470784847912912,408,SIDEWAYS
2026-01-06 17:00:00+00:00,2026-01-06 21:00:00+00:00,-1,91589.24,93780.48363376077,0.5,1044.9458767258136,0.011409046267070384,-25.0,1.462924227416139,-26.46292422741614,stop,2.0,-26.46292422741614,409,SIDEWAYS
2026-01-06 17:00:00+00:00,2026-01-06 21:00:00+00:00,-1,91589.24,93780.48363376077,0.3,626.9675260354882,0.0068454277602422306,-15.0,0.8777545364496834,-15.877754536449684,stop,6.0,-15.877754536449684,410,SIDEWAYS
2026-01-06 17:00:00+00:00,2026-01-06 21:00:00+00:00,-1,91589.24,93780.48363376077,0.2,417.97835069032544,0.004563618506828153,-10.0,0.5851696909664557,-10.585169690966456,stop,10.0,-10.585169690966456,411,SIDEWAYS
2026-01-13 09:00:00+00:00,2026-01-13 19:00:00+00:00,1,92269.42,94100.05391456213,0.5,1260.0747105418657,0.013656471564922222,25.000000000000004,1.7641045947586118,23.235895405241394,tp1,2.0,23.235895405241394,412,SIDEWAYS
2026-01-13 09:00:00+00:00,2026-01-13 22:00:00+00:00,1,92269.42,95686.60330718264,0.2,504.02988421674627,0.005462588625968889,18.666666666666643,0.7056418379034448,17.961024828763197,tp3,10.0,17.961024828763197,413,SIDEWAYS
2026-01-13 09:00:00+00:00,2026-01-14 14:00:00+00:00,1,92269.42,96662.94139494911,0.3,756.0448263251194,0.008193882938953333,36.00000000000001,1.0584627568551672,34.94153724314484,tp2,6.0,34.94153724314484,414,SIDEWAYS
2026-01-16 15:00:00+00:00,2026-01-19 00:00:00+00:00,-1,94585.98,92740.22489263838,0.5,1281.1285151366067,0.01354459207523786,25.0,1.7935799211912493,23.20642007880875,tp1,2.0,23.20642007880875,415,SIDEWAYS
2026-01-16 15:00:00+00:00,2026-01-20 06:00:00+00:00,-1,94585.98,91140.5704662583,0.2,512.4514060546427,0.005417836830095144,18.666666666666693,0.7174319684764997,17.949234698190192,tp3,10.0,17.949234698190192,416,SIDEWAYS
